user_id,locale,birthyear,gender,joinedAt,location,timezone
3197468391,id_ID,1993,male,2012-10-02T06:40:55.524Z,Medan-Indonesia,480
3537982273,id_ID,1992,male,2012-09-29T18:03:12.111Z,Medan-Indonesia,420
823183725,en_US,1975,male,2012-10-06T03:14:07.149Z,Stratford-Ontario,-240
1872223848,en_US,1991,female,2012-11-04T08:59:43.783Z,Tehran-Iran,210
3429017717,id_ID,1995,female,2012-09-10T16:06:53.132Z,?,420
627175141,ka_GE,1973,female,2012-11-01T09:59:17.590Z,Tbilisi-Georgia,240
2752000443,id_ID,1994,male,2012-10-03T05:22:17.637Z,Medan-Indonesia,420
3473687777,id_ID,1965,female,2012-10-03T12:19:29.975Z,Medan-Indonesia,420
2966052962,id_ID,1979,male,2012-10-31T10:11:57.668Z,Medan-Indonesia,420
264876277,id_ID,1988,female,2012-10-02T07:28:09.555Z,Medan-Indonesia,420
1534483818,en_US,1992,male,2012-09-25T13:38:04.083Z,Medan-Indonesia,420
2648135297,en_US,1996,female,2012-10-30T05:09:45.592Z,Phnom-Penh,420
1355996271,id_ID,1993,female,2012-10-26T15:34:46.113Z,Djokja-Yogyakarta-Indonesia,420
2411726276,en_US,1996,female,2012-10-30T05:16:27.136Z,Triolet-Mauritius,240
1692345316,es_LA,None,male,2012-08-02T10:52:49.955Z,?,-300
3786316231,fr_FR,1992,male,2012-09-04T00:22:54.707Z,?,-240
2081587,ar_AR,1993,male,2012-08-21T06:32:50.000Z,?,-240
184647001,id_ID,1990,male,2012-10-27T21:25:45.175Z,Surabaya-Indonesia,420
1013376584,id_ID,1993,male,2012-10-09T13:22:02.432Z,Medan-Indonesia,270
2686249984,en_US,None,male,2012-05-02T21:11:01.622Z,?,-240
2276008938,id_ID,1988,male,2012-10-30T18:36:43.809Z,Djokja-Yogyakarta-Indonesia,420
1091720544,en_GB,1988,female,2012-10-30T11:55:19.469Z,Plaine-Des-Papayes-Pamplemousses-Mauritius,240
3593684261,en_US,1992,male,2012-10-31T03:36:55.378Z,Phnom-Penh,420
839960040,en_US,1994,female,2012-10-28T10:57:09.302Z,Djokjakarta-Yogyakarta-Indonesia,420
3184414062,id_ID,1994,male,2012-11-01T05:13:49.690Z,Jombang-Jawa-Timur-Indonesia,-300
84133998,en_US,1987,male,2012-06-15T22:23:01.375Z,?,-240
851286067,id_ID,1993,male,2012-11-06T10:24:50.159Z,Jakarta-04,-300
3341263967,en_US,1988,female,2012-09-21T14:33:02.704Z,Toronto-Ontario,-240
1363661070,en_US,1994,female,2012-10-31T02:21:02.061Z,Phnom-Penh,420
1911472832,en_US,1988,male,2012-11-05T21:34:31.570Z,Beverly-Hills-California,-480
1186129084,en_US,1994,male,2012-10-17T12:53:47.092Z,Medan-Indonesia,-420
3704022334,en_US,1992,male,2012-10-28T06:48:45.086Z,San-Juan-Puerto-Rico,420
2396669325,pt_BR,1990,female,2012-10-21T00:33:28.364Z,Santos-Sao-Paulo-Brazil,-120
2370879614,en_US,1981,male,2012-11-16T16:01:55.620Z,Toronto-Ontario,-300
1748125486,en_US,1993,male,2012-11-20T23:45:44.037Z,?,480
3481126833,en_US,1980,female,2012-11-20T06:46:40.143Z,Palo-Alto-CA,0
687155152,id_ID,1994,male,2012-09-29T04:09:57.335Z,Jambi-City,420
3104149470,id_ID,1992,male,2012-10-18T15:50:49.503Z,Medan-Indonesia,420
4003794851,en_US,1985,female,2012-10-30T14:26:00.311Z,Phnom-Penh,420
1000773879,en_US,1993,female,2012-07-11T03:04:29.622Z,?,-240
4091235322,id_ID,1996,male,2012-10-15T10:54:19.320Z,Bekasi,420
1889728955,en_US,1993,female,None,None,420
3182865964,en_US,1980,female,2012-11-15T23:14:15.131Z,Phnom-Pen-Phnum-Penh-Cambodia,420
486770608,en_US,None,male,2012-05-19T18:15:43.353Z,?,-300
3217740197,en_US,1994,male,2012-10-30T13:28:19.133Z,Phnom-Pen-Phnum-Penh-Cambodia,420
1767910530,en_US,1991,female,2012-09-15T15:45:14.565Z,Belton-South-Carolina,-240
3981164786,en_US,1967,female,2012-09-04T04:12:27.260Z,?,-420
2909448722,en_GB,1988,male,2012-11-14T02:04:00.195Z,Aleppo-Syria,120
3498595321,en_US,1994,female,2012-11-14T00:37:42.177Z,New-London-Connecticut,-300
1518185911,id_ID,1997,male,2012-10-26T03:52:30.902Z,Medan-Indonesia,420
2024389351,es_LA,1995,female,2012-10-27T23:14:13.898Z,Santo-Domingo-Dominican-Republic,-240
4272286295,en_US,1982,female,2012-10-13T01:59:40.822Z,Alameda-California,-480
639980269,th_TH,1987,male,2012-10-30T23:50:26.052Z,Bangkok-Thailand,420
3276242622,vi_VN,1993,male,2012-10-03T01:43:50.108Z,?,420
1583891911,en_GB,1988,male,2012-10-30T17:05:29.409Z,Phnom-Penh,420
14952708,en_US,1992,male,2012-11-08T19:57:54.138Z,Los-Angeles-California,-480
2038562858,en_US,1994,female,2012-10-30T19:06:11.628Z,Santo-Domingo-Dominican-Republic,-240
2401908633,en_US,1919,female,2012-10-31T05:52:16.151Z,Phnom-Penh,420
1220889821,en_US,1990,female,2012-11-05T23:08:31.041Z,New-York-New-York,-300
983316945,en_US,1996,male,2012-10-27T14:12:34.731Z,San-Clemente-California,-480
772134053,en_US,1996,female,2012-11-01T08:33:15.496Z,Curepipe-17,240
1158367242,en_US,1994,male,2012-10-30T10:58:00.828Z,Yogyakarta,420
3359566214,en_US,1978,male,2012-06-03T02:29:36.312Z,?,-240
2793136619,en_US,1985,male,2012-10-29T00:21:22.231Z,Upland-CA,-480
3241260218,fa_IR,1982,male,2012-11-14T10:09:40.529Z,?,210
3171083451,id_ID,1986,male,2012-10-03T11:13:52.906Z,Sigli-Aceh-Indonesia,420
4101519751,id_ID,1994,male,2012-11-05T20:30:18.234Z,Yogyakarta,420
3076110891,en_US,1997,female,2012-10-27T10:50:33.377Z,Ripailles-15,240
1638865939,en_US,1993,female,2012-11-29T17:02:27.768Z,Tbilisi-Georgia,270
1326153915,en_US,1972,female,2012-11-10T20:22:45.076Z,Amarillo-TX,-480
1622358303,id_ID,1994,female,2012-11-08T08:18:20.610Z,Medan-Indonesia,420
556235032,en_US,1986,male,2012-10-22T19:18:43.136Z,Long-Beach-California,-480
2084209520,fa_IR,1988,male,2012-10-26T15:26:46.842Z,Chicago-IL,-510
3241496548,id_ID,1992,female,2012-10-30T09:19:21.300Z,Jogjakarta-Indonesia,420
2163304477,es_ES,1994,male,2012-11-04T20:49:29.601Z,Santo-Domingo-Dominican-Republic,60
2536442907,hu_HU,1971,male,2012-10-30T01:16:35.630Z,Hamilton-Ontario,-300
3213877831,en_US,1994,male,2012-10-30T10:22:56.588Z,Phnom-Penh,420
516112393,en_US,1989,male,2012-11-28T18:39:41.789Z,?,300
1185293178,en_US,1991,male,2012-11-13T15:23:40.513Z,?,420
2521576959,en_US,1994,female,2012-11-01T04:06:48.248Z,Phnom-Penh,-300
3301922958,es_LA,1989,female,2012-10-31T21:13:15.378Z,San-Antonio-Texas,-180
2760353297,en_US,1992,male,2012-10-27T18:38:52.431Z,Hamilton-Ontario,-300
478822209,id_ID,1989,male,2012-10-26T08:09:04.351Z,Medan-Indonesia,420
400614728,id_ID,1945,male,2012-11-03T21:42:47.712Z,Bandung-Indonesia,420
1257044723,en_US,1991,male,2012-10-30T23:21:15.673Z,Phnom-Penh,420
1664144722,en_US,1992,male,2012-10-26T21:40:55.556Z,Malangas,-420
3014754205,fr_FR,1991,?,2012-11-17T15:53:35.813Z,?,60
3907797051,ka_GE,1996,female,2012-10-30T17:44:41.899Z,Tbilisi-Georgia,180
231604513,en_US,1971,female,2012-09-26T00:38:41.915Z,Fredericton-New-Brunswick,-240
397493741,id_ID,1994,male,2012-10-04T07:10:06.850Z,Medan-Indonesia,420
1066251866,en_US,1981,female,2012-07-22T06:18:55.313Z,?,-240
696987268,id_ID,1994,male,2012-11-07T09:52:17.282Z,Jakarta-04,420
1385874884,es_ES,1988,male,2012-10-30T00:38:47.837Z,Santo-Domingo-05,-300
4118231360,en_US,1983,male,2012-10-30T14:21:33.093Z,Rose-Hill-Mauritius,240
3391291885,en_US,1988,female,2012-07-01T14:59:29.014Z,?,-240
629450757,id_ID,1995,male,2012-10-09T14:04:48.302Z,Medan-Indonesia,420
3095780957,en_US,1997,male,2012-11-24T17:32:04.736Z,South-Orange-NJ,-300
1428006660,en_US,1996,female,2012-11-01T09:55:40.777Z,Moka-15,240
260868573,es_LA,1992,female,2012-10-30T18:09:58.936Z,Santo-Domingo-Dominican-Republic,-240
18236457,en_US,1984,female,2012-10-22T16:21:17.525Z,Edmonton-Alberta,-360
1340214757,en_US,1993,male,2012-11-01T09:46:52.170Z,Phnom-Pen-Phnum-Penh-Cambodia,420
2307916239,en_US,1992,male,2012-08-24T12:21:04.014Z,?,-240
383523902,fr_FR,1996,female,2012-10-30T11:32:15.448Z,Camp-De-Masque-Flacq-Mauritius,240
1362131683,id_ID,1992,female,2012-10-29T09:22:44.779Z,Yogyakarta,510
4000415991,id_ID,1992,male,2012-09-27T04:34:39.050Z,Medan-Indonesia,-660
280623319,es_ES,1995,female,2012-11-01T01:20:44.593Z,Santo-Domingo-Dominican-Republic,-240
3262415606,ar_AR,1989,male,2012-11-12T12:26:45.767Z,Riyadh-10,180
3241171529,id_ID,1988,male,2012-10-02T15:20:33.226Z,Medan-Indonesia,-480
2590194327,cs_CZ,1989,female,2012-09-29T20:33:49.924Z,Long-Beach-California,60
126261611,es_LA,1997,female,2012-11-14T21:24:23.387Z,Santo-Domingo-05,60
3554343061,id_ID,1991,male,2012-10-30T10:17:10.121Z,Yogyakarta,420
2310568898,en_US,1989,male,2012-10-31T04:18:26.746Z,Phnom-Penh,420
4024656921,en_US,1990,male,2012-10-29T05:06:56.962Z,Pomona-California,-420
2772395102,en_US,1985,male,2012-07-10T04:09:40.049Z,?,-240
2383805605,en_US,1994,female,2012-10-28T12:29:06.259Z,Phnom-Penh-11,420
1735489155,en_US,1985,male,2012-09-30T23:13:09.194Z,Hollywood-California,-480
1322179556,en_US,1981,male,2012-11-05T21:45:05.170Z,San-Francisco-California,-480
696255166,es_LA,1996,male,2012-10-30T02:51:18.716Z,Manganagua-Distrito-Nacional-Dominican-Republic,420
886602676,en_US,1985,female,2012-06-11T22:17:35.069Z,?,-240
391099276,en_GB,1984,male,2012-11-14T20:30:55.909Z,Torrance-CA,-240
1970033840,en_US,1987,female,2012-11-06T12:33:23.236Z,Phnom-Penh,420
3334164862,en_US,1994,male,2012-11-20T18:34:59.181Z,Gujranwala-04,300
3210397743,en_GB,1992,female,2012-11-07T07:57:17.321Z,Yogyakarta,420
3401337435,vi_VN,None,female,2012-05-09T16:38:54.495Z,?,-240
48222018,id_ID,1992,male,2012-09-24T15:22:06.080Z,Medan-Indonesia,420
929368698,en_US,1987,male,2012-11-01T08:37:46.464Z,Phnom-Penh,420
3979609579,es_ES,1996,female,2012-10-31T23:51:24.807Z,Santo-Domingo-Dominican-Republic,-60
3517494273,id_ID,1995,female,2012-10-28T09:58:55.627Z,Jakarta-Indonesia,420
1367741577,id_ID,1991,female,2012-10-30T11:28:32.394Z,Yogyakarta,420
561358023,es_LA,1997,female,2012-10-27T16:47:25.268Z,Santiago-Chile,-180
1461782489,en_US,1994,male,2012-11-01T09:44:36.875Z,Dubai-United-Arab-Emirates,240
2216281936,id_ID,1992,male,2012-10-27T18:02:02.061Z,Jakarta-Indonesia,420
3636372794,id_ID,1985,female,2012-10-28T20:40:50.135Z,Mataram,180
202329892,id_ID,1993,female,2012-10-29T02:49:41.383Z,Yogyakarta,420
3719959066,id_ID,1992,male,2012-11-01T06:09:03.226Z,Medan-Indonesia,420
345751734,id_ID,1997,male,2012-10-01T10:18:59.277Z,Medan-Indonesia,420
2988539287,id_ID,1993,male,2012-11-08T06:06:09.797Z,Yogyakarta,420
273462877,en_US,1993,?,2012-09-20T04:37:55.833Z,King-City-Ontario,-240
1838814702,es_LA,1995,female,2012-10-27T18:15:18.537Z,Santiago-De-Los-Caballeros-Santiago-Dominican-Republic,-240
2698768412,en_GB,1992,male,2012-10-07T08:23:22.080Z,Bekasi,420
1388443507,en_US,1993,male,2012-11-24T11:04:31.028Z,Phnom-Penh-11,420
680676967,id_ID,1996,female,2012-09-10T07:09:07.041Z,?,420
1312737433,hu_HU,1998,male,2012-10-28T08:31:43.399Z,Miskolc-Hungary,60
3124190075,id_ID,1991,female,2012-09-26T13:34:48.819Z,Medan-Indonesia,420
2397407066,en_US,1993,male,2012-10-30T06:18:41.028Z,Phnom-Penh-11,420
1265084101,id_ID,1995,female,2012-10-22T12:46:26.583Z,Tarutung-Sumatera-Utara-Indonesia,420
3347037532,id_ID,1991,male,2012-10-31T07:35:32.895Z,Yogyakarta,420
376762284,en_US,1980,female,2012-09-09T02:16:15.558Z,?,-240
3595020679,en_US,1993,male,2012-11-01T08:51:26.126Z,Phnom-Penh,420
148206780,es_LA,1998,female,2012-11-04T20:11:43.867Z,Orlando-Florida,420
4196815625,id_ID,1990,female,2012-10-29T23:08:40.881Z,Yogyakarta,420
2416779518,en_US,1985,female,2012-10-30T19:25:01.367Z,Paramount-CA,-480
3750146106,id_ID,1999,male,2012-10-31T05:42:18.250Z,Jakarta-Indonesia,420
2583349450,id_ID,1996,female,2012-10-03T13:32:18.960Z,Bekasi,420
3253116567,en_US,1990,female,2012-09-16T03:53:48.384Z,Phoenix-Arizona,-420
825785621,en_GB,1978,female,2012-06-30T02:27:02.907Z,?,-240
3407820257,en_US,1980,male,2012-11-18T10:32:49.497Z,?,210
2429780408,id_ID,1995,male,2012-10-26T10:04:24.144Z,Tanjungbalai-Sumatera-Utara-Indonesia,420
59757079,es_LA,1986,male,2012-11-01T04:51:37.667Z,Santo-Domingo-Dominican-Republic,480
3220654571,id_ID,1993,female,2012-10-28T12:32:01.328Z,Padangsidimpuan-Sumatera-Utara-Indonesia,420
947788891,id_ID,1991,female,2012-10-30T09:01:53.980Z,Yogyakarta,420
2382998445,id_ID,1994,female,2012-09-24T06:23:09.823Z,Medan-Indonesia,420
1132626084,en_US,1976,male,2012-07-18T01:35:56.037Z,?,-240
4135106289,id_ID,1986,male,2012-10-26T05:25:45.165Z,Medan-Indonesia,420
3622381291,en_US,1985,male,2012-10-22T16:28:56.082Z,undefined-undefined,240
3522195950,en_US,1996,male,2012-10-27T16:13:21.645Z,San-Clemente-California,-480
681281366,id_ID,1993,male,2012-09-23T14:55:32.797Z,Medan-Indonesia,420
1922540960,id_ID,1994,male,2012-10-03T10:55:54.300Z,Medan-Indonesia,420
476136667,en_GB,1982,female,2012-06-28T06:19:06.362Z,?,-240
3838947884,en_US,1985,male,2012-10-30T14:57:02.849Z,Phnom-Penh,420
2327893693,en_US,1989,male,2012-10-30T10:34:09.205Z,Phnom-Penh,420
1056827437,en_US,None,female,2012-05-18T17:41:35.253Z,?,-240
2824605516,en_US,1993,male,2012-10-09T23:17:31.502Z,Fullerton-California,-480
319295621,id_ID,1995,male,2012-10-13T06:47:41.070Z,Medan-Indonesia,420
664543409,en_US,1988,female,2012-10-11T17:47:50.286Z,Manhattan-Beach-California,-480
4215831838,id_ID,1990,male,2012-10-30T23:44:59.527Z,Semarang-Indonesia,420
1074625736,es_LA,1987,female,2012-09-27T13:08:42.975Z,Los-Angeles-California,-480
318979432,en_US,1996,male,2012-11-25T14:56:02.424Z,?,210
1975537478,en_US,1992,female,2012-09-22T01:05:06.143Z,Ottawa-Ontario,-240
231193434,en_US,1996,female,2012-09-23T11:10:55.120Z,Tripoli-Libya,120
2799381792,id_ID,1995,female,2012-10-30T08:42:53.848Z,Cirebon,420
2593171476,en_US,1990,male,2012-11-01T07:47:14.861Z,Phnom-Penh-11,420
993257909,pt_PT,1991,female,2012-10-10T19:48:49.936Z,Los-Angeles-California,
1879197141,id_ID,1994,male,2012-11-24T08:21:28.411Z,Los-Angeles-California,420
3689975266,es_ES,1995,female,2012-10-26T15:26:31.879Z,Santo-Domingo-Dominican-Republic,-240
2311562495,en_US,1985,male,2012-10-29T12:42:47.586Z,?,60
2233024749,bs_BA,1952,female,2012-10-30T21:00:35.572Z,Zagreb-Croatia,
2627004557,en_US,None,female,2012-05-14T18:28:35.696Z,?,-240
797855953,fa_IR,1977,male,2012-11-12T22:27:26.384Z,?,210
3055062047,id_ID,1991,male,2012-10-30T19:28:40.781Z,Djokja-Yogyakarta-Indonesia,420
571395229,en_US,1988,male,2012-11-01T11:50:01.815Z,Islamabad-08,300
1813332352,ar_AR,1981,male,2012-10-31T18:40:14.522Z,?,240
182405751,en_US,1984,female,2012-11-01T02:03:38.662Z,Phnom-Penh,420
14976430,en_US,1995,female,2012-10-26T03:29:15.283Z,Laventure-Flacq-Mauritius,240
816897495,en_US,1990,female,2012-11-01T05:24:03.113Z,Semarang-Indonesia,420
514217244,id_ID,1992,male,2012-10-24T06:29:45.771Z,Yogyakarta,420
2399421483,ar_AR,1977,male,2012-11-19T19:47:49.184Z,Bayan-02,180
970246209,en_US,1995,female,2012-11-01T09:36:10.075Z,Paris-France,180
424840524,id_ID,1991,female,2012-11-20T15:14:39.727Z,Medan-Indonesia,420
2822919888,id_ID,1988,male,2012-10-21T18:39:45.779Z,Sibolga,420
4116824604,en_GB,1988,female,2012-09-16T07:33:10.304Z,Toronto-Ontario,-240
3949926750,hu_HU,None,female,2012-04-26T01:01:01.528Z,?,-240
3271027231,en_US,1994,female,2012-10-27T10:33:19.804Z,Flacq-Flacq-Mauritius,240
1538685648,id_ID,1993,male,2012-10-23T09:40:35.654Z,Medan-Indonesia,420
3095717378,id_ID,1987,male,2012-10-30T03:11:04.906Z,Yogyakarta-10,420
743709761,en_US,1991,male,2012-11-04T13:39:13.429Z,Yogyakarta,420
1220061846,en_US,1988,male,2012-10-30T03:12:34.740Z,Phnom-Penh,420
4236079011,id_ID,1994,male,2012-10-02T09:32:06.089Z,Medan-Indonesia,420
2061907230,id_ID,1993,male,2012-10-03T09:23:29.567Z,Tanjungbalai-Sumatera-Utara-Indonesia,420
3251568850,id_ID,1994,female,2012-10-27T15:14:37.528Z,Purwokerto-Jawa-Tengah-Indonesia,420
4127380492,en_US,1991,male,2012-06-05T18:00:11.642Z,?,-240
3234335387,hu_HU,1958,female,2012-10-29T11:16:17.858Z,Miskolc-Hungary,60
2754329586,en_US,1990,male,2012-09-28T01:18:37.718Z,Toronto-ON,-300
1532391766,en_GB,1990,female,2012-10-28T16:03:34.281Z,Toronto-Ontario,-300
1599704727,id_ID,1996,female,2012-09-27T02:10:16.277Z,Medan-Indonesia,-720
1614333053,en_US,1994,female,2012-10-31T17:35:44.860Z,Malang,420
3418581863,en_US,1993,female,2012-10-04T10:33:33.296Z,Manila-Philippines,480
1228677594,en_US,1995,female,2012-10-30T11:13:42.104Z,Phnom-Penh,420
2125691893,en_GB,1996,female,2012-11-01T08:10:57.328Z,Phnom-Pen-Phnum-Penh-Cambodia,420
3247499005,en_US,1987,female,2012-10-29T14:45:16.967Z,Varanasi-India,330
3108152171,id_ID,1994,female,2012-10-31T00:30:47.474Z,Djokja-Yogyakarta-Indonesia,420
4148930352,en_GB,1991,female,2012-09-26T14:56:08.914Z,Sigli-Aceh-Indonesia,420
2879905973,ko_KR,1991,male,2012-11-06T07:23:51.286Z,Phnom-Penh,420
539209386,en_US,1991,female,2012-11-11T08:39:10.352Z,Port-Louis-Mauritius,240
3366003884,en_US,1994,female,2012-11-01T08:06:24.727Z,Phnom-Penh,420
4066127629,en_GB,1989,male,2012-09-22T18:01:00.696Z,Phoenix-Arizona,-420
70643751,en_US,1979,male,2012-09-13T15:05:18.619Z,San-Francisco-California,-420
2609385565,id_ID,1986,female,2012-11-18T17:22:14.507Z,Sewon-Yogyakarta-Indonesia,420
3403712339,es_ES,1995,female,2012-10-28T00:45:13.884Z,Santo-Domingo-Dominican-Republic,-240
2319358245,id_ID,1998,female,2012-11-01T08:16:34.902Z,Yogyakarta,420
2333869357,en_US,1998,female,2012-11-06T09:43:45.506Z,Phnom-Penh,420
3095718598,en_US,1995,female,2012-11-17T21:11:56.038Z,Newark-New-Jersey,-300
196091383,id_ID,1992,male,2012-11-15T13:16:07.347Z,Yogyakarta,360
98265558,id_ID,1994,female,2012-10-25T05:52:30.036Z,Bantoel-Yogyakarta-Indonesia,420
3211585676,en_US,1990,male,2012-11-01T06:55:12.527Z,Phnom-Penh,420
3749907461,en_US,1986,male,2012-11-17T23:28:07.933Z,Bellflower-CA,-480
2770619993,fa_IR,1991,male,2012-11-26T23:57:38.446Z,?,210
2008761267,en_US,1982,male,2012-10-03T23:27:21.917Z,Stoney-Creek-ON,-300
812313343,id_ID,1996,male,2012-09-29T22:36:43.315Z,Medan-Indonesia,420
1730903811,en_US,1992,male,2012-10-31T10:19:03.322Z,Phnom-Penh,420
1651858997,en_US,1992,female,2012-10-30T14:46:33.441Z,Phnom-Penh-11,420
686209839,id_ID,1996,female,2012-09-26T10:21:27.743Z,Jakarta-04,420
1216665957,id_ID,1992,male,2012-11-01T03:39:50.435Z,Medan-Indonesia,420
3299147324,en_US,1991,male,2012-11-07T20:50:33.538Z,Long-Beach-California,-480
843086547,id_ID,1991,female,2012-11-01T03:45:19.240Z,Yogyakarta,420
353145578,en_US,1971,male,2012-10-03T14:22:55.793Z,San-Francisco-CA,-480
446976642,en_US,1991,female,2012-09-22T00:58:40.915Z,Sault-Sainte-Marie-Ontario,-300
2153405519,id_ID,1994,female,2012-11-29T07:37:19.361Z,Jogjakarta-Indonesia,420
3250026293,en_US,1993,female,2012-10-28T23:36:18.341Z,San-Clemente-California,-480
3260498441,en_US,1991,male,2012-10-25T00:04:21.241Z,Los-Angeles-California,-480
3467746743,en_US,1986,male,2012-11-26T14:45:21.841Z,Mazar-e-Sharif-Afghanistan,270
2476260967,ka_GE,1994,female,2012-11-04T22:45:05.592Z,Tbilisi-Georgia,-480
953136096,id_ID,1994,male,2012-11-04T02:29:45.615Z,Yogyakarta,420
1529672559,en_US,1977,female,2012-11-30T14:15:24.433Z,Pinole-California,-480
2181230661,id_ID,1994,male,2012-10-30T11:46:18.024Z,Yogyakarta,-480
4076881627,en_US,1967,female,2012-09-30T23:46:44.147Z,Los-Angeles-California,-480
2414280321,en_US,1984,female,2012-12-12T18:12:50.286Z,San-Francisco-California,-480
4180064266,id_ID,1999,female,2012-09-10T11:58:02.368Z,?,420
3091285956,es_ES,1997,female,2012-10-27T00:30:14.928Z,Santo-Domingo-Dominican-Republic,-240
1441655525,en_US,None,female,2012-05-10T12:13:28.737Z,?,-240
483332100,id_ID,1997,female,2012-09-27T01:58:14.059Z,Medan-26,420
4164694734,pt_BR,1985,female,2012-08-17T19:35:14.847Z,?,-240
3940489603,en_US,1995,male,2012-10-27T15:26:01.866Z,Port-Louis-Mauritius,240
2857568747,en_US,1990,female,2012-11-01T09:24:50.246Z,Phnom-Penh,420
3637759127,en_US,1990,female,2012-05-30T00:54:05.305Z,?,-300
3396616989,id_ID,1993,male,2012-10-17T07:51:53.993Z,Sibolga,420
2162037984,id_ID,1991,female,2012-10-29T18:08:27.515Z,Yogyakarta,420
3830542942,ka_GE,1992,male,2012-11-01T10:15:37.944Z,Tbilisi-Georgia,-480
2468212516,en_US,1992,male,2012-08-18T17:25:19.189Z,?,-240
3836413215,en_US,1991,male,2012-09-21T05:16:44.955Z,Tempe-Arizona,-420
3536271826,en_US,1987,male,2012-10-21T16:33:03.297Z,Valley-Stream-NY,480
1703119247,en_GB,1992,male,2012-12-05T00:01:05.822Z,Los-Angeles-California,-480
460776321,en_US,1994,female,2012-11-19T03:05:26.026Z,?,420
1576089640,en_US,1994,male,2012-10-30T13:17:04.017Z,Phnom-Penh,420
3525636297,id_ID,1997,male,2012-10-30T04:13:51.451Z,DKI-Jakarta,420
1093980202,en_US,1994,male,2012-09-27T05:43:55.802Z,Seal-Beach-California,-420
1723423670,id_ID,1994,female,2012-10-29T15:07:14.327Z,Yogyakarta,420
1505800597,pt_BR,1989,female,2012-10-27T18:48:37.701Z,Porto-Alegre,-120
973980108,id_ID,1995,male,2012-10-27T10:28:50.403Z,Jakarta-Indonesia,420
3295831632,en_GB,1993,female,2012-11-15T22:47:40.782Z,Mataram,420
227032364,es_ES,None,female,2012-05-06T12:50:13.487Z,?,-300
2008043603,es_LA,1978,male,2012-12-05T04:50:29.658Z,Anaheim-California,-480
1970641121,en_US,1977,female,2012-05-29T00:25:28.517Z,?,-240
2752726554,en_US,1997,female,2012-10-31T04:32:15.830Z,?,420
1414783648,es_ES,1995,female,2012-10-27T22:45:40.040Z,Hatillo-Palma-Adentro-Monte-Cristi-Dominican-Republic,-240
3078536755,es_ES,1994,male,2012-10-30T17:13:26.023Z,Santo-Domingo-Dominican-Republic,-240
3870303670,pt_BR,1995,male,2012-11-16T14:29:17.194Z,Porto-Alegre,-120
194957861,es_LA,1995,male,2012-10-03T00:49:09.796Z,Cabanas-Galicia,-360
2691784241,en_US,1977,male,2012-12-11T08:41:06.509Z,Irvine-CA,-480
2747021862,ru_RU,1974,female,2012-11-25T07:34:46.341Z,Tbilisi-Georgia,180
3071657222,en_US,1996,male,2012-07-29T13:15:34.562Z,?,240
1948333652,id_ID,1987,male,2012-10-28T02:37:46.450Z,Yogyakarta,-360
1872064755,ar_AR,1982,male,2012-11-22T23:05:10.095Z,Torrance-CA,180
4151136641,id_ID,1997,female,2012-11-10T08:15:00.905Z,Parapat-Sumatera-Utara-Indonesia,480
4051752023,id_ID,1991,male,2012-10-30T00:24:33.405Z,Yogyakarta,420
3444786385,id_ID,1993,female,2012-10-04T01:10:05.848Z,Medan-Indonesia,420
1307564576,id_ID,1994,female,2012-11-13T03:52:52.198Z,Medan-Indonesia,390
3309234837,en_US,1988,male,2012-09-28T06:37:47.290Z,Queen-Creek-Arizona,-420
41019193,en_GB,1988,male,2012-09-22T17:56:56.289Z,Woodbridge-ON,-240
1673268609,en_GB,1990,female,2012-11-16T00:04:15.296Z,Phnom-Penh,420
3505949131,pt_BR,1992,male,2012-11-11T02:25:46.390Z,Canoas-23,-120
2320166421,en_US,1990,male,2012-09-01T02:38:31.122Z,?,-420
1618751437,en_US,1981,male,2012-11-13T06:32:49.407Z,Melrose-Moka-Mauritius,240
382738747,zh_TW,1988,male,2012-10-23T01:20:37.296Z,Toronto-Ontario,-300
800027637,en_US,1994,male,2012-10-31T03:19:11.836Z,Phnom-Penh,420
3366767125,en_US,1985,male,2012-11-22T05:45:53.991Z,Tempe-AZ,-510
3142327997,en_US,1988,male,2012-11-12T11:56:49.513Z,Tbilisi-Georgia,240
1513066143,fa_IR,1984,male,2012-12-07T23:46:41.313Z,Holly-Woods-Massachusetts,210
2907012550,es_LA,1982,male,2012-11-05T13:46:09.344Z,Swartz-Creek-Michigan,-240
96029311,en_US,1980,male,2012-11-19T14:22:16.589Z,Los-Angeles-California,-300
2005663344,id_ID,1994,female,2012-10-30T08:38:53.478Z,Medan-Indonesia,420
3128567687,en_US,1992,female,2012-09-21T15:03:43.233Z,Tempe-Arizona,-420
2586338341,fr_FR,1980,male,2012-11-06T13:09:06.887Z,?,
3824969647,en_US,1992,female,2012-10-31T03:03:06.416Z,Pattaya-46,420
952780814,id_ID,1995,female,2012-09-23T11:58:30.926Z,Medan-Indonesia,420
2752875123,en_GB,1986,female,2012-10-23T23:30:18.027Z,London-United-Kingdom,
3879844394,en_US,1987,male,2012-12-03T17:02:08.459Z,Hoboken-New-Jersey,-300
52647886,id_ID,1994,male,2012-10-08T14:41:31.262Z,Jakarta-04,420
644435205,en_US,1991,male,2012-10-31T21:55:09.569Z,Hamilton-Ontario,-300
414059983,id_ID,1993,male,2012-11-05T12:55:18.436Z,Surabaya-Indonesia,-300
2541914831,id_ID,1991,female,2012-10-31T13:14:39.904Z,Yogyakarta,420
1122266934,es_LA,1993,male,2012-10-05T19:30:51.620Z,Los-Angeles-California,-180
2899716857,id_ID,1986,female,2012-10-03T13:17:14.755Z,Medan-Indonesia,420
761768089,id_ID,1998,female,2012-10-04T13:45:29.186Z,Jakarta-Indonesia,420
818041391,en_US,1984,male,2012-11-25T15:56:32.553Z,Lincoln-Heights-California,-480
3083039122,en_US,1991,female,2012-10-14T04:12:17.834Z,Bell-Gardens-California,-480
2324719560,en_US,1991,male,2012-11-18T16:53:22.517Z,Los-Angeles-California,-480
2619676998,en_US,1995,male,2012-09-30T04:07:31.360Z,Medan-Indonesia,420
857592080,en_US,1990,female,2012-10-26T17:39:28.194Z,Flacq-Flacq-Mauritius,-480
4288238269,fr_FR,1992,male,2012-10-22T14:26:28.171Z,Los-Angeles-California,60
1826578650,en_US,1971,female,2012-10-01T23:16:56.403Z,Kalibo-Aklan,480
998468752,en_US,1982,male,2012-10-20T14:52:03.057Z,Manhattan-Beach-California,120
43736946,en_US,1979,male,2012-11-21T13:06:04.468Z,Los-Angeles-CA,210
2399179828,en_US,1984,female,2012-06-02T17:14:07.325Z,?,-240
3145204398,id_ID,1997,male,2012-09-29T17:12:55.570Z,Medan-Indonesia,420
2309952902,de_DE,1974,male,2012-10-14T14:24:36.829Z,Essen,120
747629121,id_ID,1997,female,2012-10-04T05:54:27.148Z,Bekasi,420
3895567501,es_LA,1981,male,2012-11-18T01:22:10.213Z,Rancho-Cucamonga-CA,-480
1184878952,en_US,1984,male,2012-11-21T15:34:03.009Z,Orange-California,-480
2214684916,id_ID,1987,male,2012-12-11T05:10:56.910Z,Los-Angeles-California,420
3594645729,mn_MN,1999,female,2012-11-25T03:03:55.282Z,Darkhan-Darhan-Uul-Mongolia,480
1880261452,id_ID,1994,female,2012-10-28T11:14:30.269Z,Yogyakarta,420
887330353,en_US,1987,male,2012-09-25T14:50:40.724Z,Toronto-Ontario,-240
2356937947,es_LA,1994,female,2012-10-27T21:44:34.465Z,Santo-Domingo-Dominican-Republic,-180
929612418,id_ID,1991,female,2012-10-27T08:31:30.105Z,Yogyakarta,420
3046595544,en_US,1988,male,2012-10-11T09:26:04.367Z,Los-Angeles-California,
1696637212,en_US,1978,female,2012-07-16T21:39:48.819Z,?,-420
3825152257,en_US,1991,male,2012-11-01T03:10:50.018Z,Phnom-Penh,420
1779159435,es_LA,1997,female,2012-10-28T17:08:45.145Z,Santo-Domingo-Dominican-Republic,-240
2884618854,id_ID,1989,male,2012-11-07T16:08:41.868Z,Bantoel-Yogyakarta-Indonesia,420
3112366552,id_ID,1989,male,2012-11-27T13:38:13.042Z,Pematangsieantar-Sumatera-Utara-Indonesia,-480
607407694,en_US,1993,male,2012-10-02T09:45:57.667Z,?,480
450102201,es_LA,1988,female,2012-10-02T20:42:02.282Z,Los-Angeles-California,-420
486914631,en_US,1992,male,2012-10-30T11:01:44.690Z,Phnom-Penh,420
2901883860,en_US,None,female,2012-05-04T21:37:31.812Z,?,-420
2350588407,ar_AR,1993,male,2012-10-05T12:25:10.214Z,?,60
984876104,en_US,1989,male,2012-10-31T05:41:57.318Z,Phnom-Penh,420
1742461094,es_LA,1987,female,2012-09-27T14:57:00.165Z,Los-Angeles-CA,-480
3655542865,en_US,1980,female,2012-06-16T21:06:00.729Z,?,-240
4149107309,en_US,None,female,2012-09-12T19:32:15.790Z,?,-420
2776576080,en_GB,None,male,2012-05-03T04:30:38.756Z,?,180
2489417734,en_US,1963,female,2012-10-31T08:49:27.348Z,Gumi,420
4058274528,id_ID,1987,male,2012-10-28T23:17:40.657Z,Mataram,510
1313345561,id_ID,1990,male,2012-10-29T16:34:31.670Z,Yogyakarta,420
2344452042,fa_IR,1981,male,2012-11-01T15:50:07.816Z,?,210
352195455,id_ID,1994,male,2012-10-02T11:08:10.146Z,Medan-Indonesia,420
3924614835,en_US,1987,male,2012-07-13T08:28:06.571Z,?,-240
4281509722,en_US,1990,male,2012-11-01T09:49:54.929Z,Phnom-Penh,420
1677589025,id_ID,1990,female,2012-10-02T13:54:00.035Z,Medan-Indonesia,-480
4150461711,en_US,1990,male,2012-08-17T21:32:27.910Z,?,-240
519806587,hu_HU,1968,male,2012-10-30T22:59:27.892Z,Miskolc-Hungary,60
918606264,en_US,1990,male,2012-10-24T22:31:13.964Z,South-Gate-CA,-480
1938381053,id_ID,1996,female,2012-10-31T06:32:01.062Z,Sragen-Jawa-Tengah-Indonesia,420
2499036853,en_US,1983,male,2012-10-31T04:17:00.651Z,Los-Angeles-California,-480
1209873479,id_ID,1989,female,2012-10-30T02:29:33.795Z,Mataram,420
1618486039,en_US,1989,male,2012-11-01T08:00:57.405Z,Phnom-Penh,-480
3905127242,id_ID,1994,female,2012-11-01T09:25:41.807Z,Yogyakarta,420
3701550761,fr_FR,1990,male,2012-09-29T15:45:14.780Z,Djidjelli-Jijel-Algeria,60
366727270,hu_HU,1997,female,2012-10-29T12:45:41.523Z,Miskolc-Hungary,60
3211258950,en_US,1995,female,2012-11-04T10:30:28.097Z,Yogyakarta,420
1840675769,en_US,1994,male,2012-11-01T06:44:58.764Z,Phnom-Penh,420
1430589100,ar_AR,1987,female,2012-10-17T13:56:29.456Z,Jeddah-14,180
4034167954,id_ID,1994,male,2012-10-05T02:19:26.626Z,Medan-Indonesia,450
2361327925,id_ID,1994,male,2012-10-30T12:07:08.354Z,Cirebon,420
3884460133,en_US,1990,female,2012-10-23T14:48:37.856Z,Atlanta-Georgia,-480
3431697358,id_ID,1993,male,2012-11-13T18:15:45.811Z,Jogjakarta-Indonesia,420
389057443,en_US,1995,female,2012-09-22T12:14:56.409Z,Karachi-Pakistan,300
2252185419,en_US,1991,female,2012-10-13T09:42:56.578Z,Medan-Indonesia,420
756798052,en_US,1993,male,2012-09-16T19:51:50.990Z,Phoenix-Arizona,-420
254758237,en_US,None,male,2012-05-01T12:25:07.630Z,?,-240
2739251460,en_US,1993,female,2012-10-30T17:35:17.348Z,Sihanoukville,420
4279896425,en_US,1992,female,2012-10-30T14:52:35.561Z,Solo-City,420
3683430200,id_ID,1993,male,2012-10-28T01:27:25.601Z,Yogyakarta,420
3292425945,en_US,1986,male,2012-10-01T03:51:26.485Z,San-Francisco-California,-480
3379959517,ka_GE,1997,female,2012-11-05T14:00:03.905Z,Tbilisi-Georgia,240
1645299738,en_US,1992,female,2012-10-30T08:52:08.982Z,Phnom-Pen-Phnum-Penh-Cambodia,420
2707196264,id_ID,1994,female,2012-10-28T09:10:27.049Z,Yogyakarta,420
2223432985,es_LA,1984,female,2012-10-27T16:13:27.053Z,Santo-Domingo-Dominican-Republic,-240
215924629,en_US,1990,male,2012-06-06T15:22:36.568Z,?,-420
4249006157,zh_CN,1990,male,2012-10-01T22:13:38.082Z,Los-Angeles-California,-480
1466372519,en_US,1986,female,2012-09-27T17:07:08.016Z,Atlanta-Georgia,-300
1219915380,id_ID,1995,male,2012-10-06T04:02:37.024Z,Medan-Indonesia,420
257795065,en_US,1994,female,2012-11-25T14:51:59.835Z,Darkhan-Darhan-Uul-Mongolia,120
2624231289,id_ID,1993,female,2012-09-25T06:34:02.822Z,Medan-Indonesia,420
2278584286,id_ID,1994,female,2012-09-24T11:12:20.220Z,Surakarta-Indonesia,420
2384705880,en_US,1989,male,2012-10-28T20:41:21.094Z,Monterey-Park-California,-480
569628358,en_US,1992,male,2012-08-01T16:09:52.609Z,?,-240
2954640696,es_LA,1992,female,2012-11-19T23:58:41.963Z,Santo-Domingo-Dominican-Republic,480
740030733,en_US,1991,female,2012-10-31T14:23:17.415Z,Port-Louis-Mauritius,240
3723742687,id_ID,1992,male,2012-09-27T14:18:25.724Z,Medan-Indonesia,420
2098994380,fa_IR,1981,male,2012-11-25T16:03:11.174Z,Fremont-CA,210
4275526212,es_LA,1969,female,2012-10-16T00:30:38.201Z,Colton-California,-480
2441360440,en_US,1994,female,2012-10-18T18:42:15.604Z,Los-Angeles-California,-480
976942512,id_ID,1995,male,2012-11-10T16:28:17.888Z,Siantar,420
41932011,en_US,1957,female,2012-12-02T19:26:31.339Z,Vancouver-British-Columbia,-480
1160316477,id_ID,1997,female,2012-09-28T07:56:32.222Z,Medan-Indonesia,420
4154354093,en_GB,1984,male,2012-11-19T19:43:06.855Z,Los-Angeles-California,-480
2140147646,en_US,1994,female,2012-11-11T09:56:09.162Z,Yogyakarta,420
2909251448,id_ID,1990,male,2012-11-12T11:34:34.064Z,Sragen-Jawa-Tengah-Indonesia,420
1261558054,id_ID,1994,male,2012-10-03T18:21:50.854Z,Semarang-07,390
1772319928,id_ID,1991,female,2012-09-23T09:13:56.938Z,Medan-Indonesia,420
2098238169,ja_JP,1991,female,2012-10-27T01:58:14.815Z,Toronto-Ontario,540
32808101,en_US,1979,female,2012-06-18T17:53:02.663Z,?,-240
1492479511,id_ID,1991,male,2012-10-28T11:48:42.946Z,Yogyakarta,420
411774957,en_US,1990,male,2012-11-25T19:19:55.740Z,Irvine-CA,-480
936469482,id_ID,1985,male,2012-11-15T16:06:59.292Z,Perawang-Riau-Indonesia,480
403813272,en_US,1983,female,2012-10-30T17:12:55.946Z,Phnom-Penh,420
1369905557,id_ID,1993,male,2012-10-29T05:11:05.397Z,Medan-Indonesia,420
4247624593,en_US,1992,female,2012-11-01T09:10:26.345Z,Phnom-Penh,480
3917825301,en_US,None,female,2012-05-23T22:00:42.293Z,?,-240
3827265726,en_US,1993,female,2012-10-01T07:51:32.854Z,Kalibo-Town-Aklan-Philippines,480
3932595306,en_US,1976,male,2012-12-06T00:13:55.604Z,Toronto-Ontario,-300
1359057268,en_US,1979,female,2012-10-08T22:05:37.477Z,Vancouver-British-Columbia,-480
2990500256,en_US,1992,female,2012-10-29T13:21:37.645Z,Okayama-31,540
2178304719,en_US,1994,male,2012-10-01T14:24:08.972Z,Los-Angeles-California,330
1809934947,id_ID,1994,male,2012-09-27T15:15:54.549Z,Medan-Indonesia,420
1876752070,id_ID,1993,female,2012-11-01T10:23:24.682Z,Cilegon,420
4290101314,id_ID,1985,male,2012-11-20T13:09:20.511Z,Banjarnegara-Jawa-Tengah-Indonesia,-420
1507405031,id_ID,1993,male,2012-10-26T02:20:39.147Z,Yogyakarta,420
1769003144,id_ID,1993,male,2012-10-29T01:55:11.928Z,Medan-Indonesia,420
90764073,ar_AR,None,male,2012-05-05T05:48:05.973Z,?,240
1253898082,id_ID,1989,female,2012-10-28T08:59:43.796Z,Jakarta-Indonesia,420
219292893,id_ID,1990,female,2012-10-31T04:15:19.145Z,Yogyakarta,420
3834673807,en_US,1994,male,2012-11-01T01:00:34.187Z,Porto-Alegre,-120
3621773146,en_US,1996,male,2012-11-03T12:33:34.643Z,?,240
2532646299,id_ID,1991,male,2012-09-28T10:42:43.356Z,Medan-Indonesia,420
1357425968,en_US,1992,male,2012-11-01T09:30:39.923Z,Phnom-Penh,420
3677540024,en_US,1991,male,2012-10-25T19:38:41.316Z,Palmar-Flacq-Mauritius,240
2122161813,en_US,1987,male,2012-04-17T20:44:35.417Z,?,-420
1629404827,id_ID,1992,female,2012-10-31T05:39:55.197Z,Malang,420
442486878,en_US,1997,male,2012-10-25T14:13:18.254Z,Medan-Indonesia,420
4026984722,en_US,1969,male,2012-08-26T22:16:20.264Z,?,-300
3151591535,en_US,1978,female,2012-10-03T03:03:54.607Z,San-Francisco-California,-420
2614487226,id_ID,1994,male,2012-09-29T10:44:10.266Z,Medan-Indonesia,420
3479769240,en_US,1984,female,2012-08-05T16:54:54.884Z,?,-300
2333280604,id_ID,1996,female,2012-10-02T10:28:23.892Z,Medan-Indonesia,420
2212049396,en_US,1992,male,2012-10-30T11:12:45.994Z,Peshawar-03,300
2333598090,en_US,1979,male,2012-10-29T02:02:30.278Z,Marina-del-Rey-California,300
2037706071,id_ID,1984,male,2012-10-25T12:44:24.362Z,Banda-Atjeh-Aceh-Indonesia,420
42340048,en_GB,1990,female,2012-10-31T01:29:20.959Z,Phnom-Penh,420
2840873047,es_LA,None,female,2012-05-01T14:20:49.009Z,?,120
3671278359,es_ES,1974,female,2012-11-25T23:18:44.648Z,Santo-Domingo-Dominican-Republic,480
3812724021,en_US,1956,male,2012-09-22T23:25:14.354Z,Phoenix-Arizona,-420
3898895512,en_US,1975,male,2012-12-04T21:42:58.140Z,San-Francisco-California,-300
2108352702,en_US,1989,male,2012-11-01T04:49:02.369Z,Phnom-Penh,420
1941033996,id_ID,1995,male,2012-09-29T14:36:29.197Z,Medan-Indonesia,420
1120635549,fr_FR,1985,male,2012-10-30T11:41:39.585Z,Abidjan-Cote-d-Ivoire,
1787492419,en_US,None,female,2012-04-28T00:56:41.989Z,?,-240
217918614,ru_RU,1988,female,2012-06-17T13:19:18.614Z,?,-300
3024617789,id_ID,1994,male,2012-09-24T12:44:54.880Z,Barcelona-Spain,420
707794937,en_US,None,male,2012-05-18T02:59:17.484Z,?,-270
3574220780,fa_IR,1991,male,2012-11-29T09:22:30.979Z,Los-Angeles-CA,210
2652053016,id_ID,1990,female,2012-10-31T04:07:51.649Z,Surabaya-Indonesia,480
978000542,en_US,1994,female,2012-10-31T10:22:02.050Z,Sragen-Jawa-Tengah-Indonesia,420
4237484117,en_US,1985,female,2012-11-01T03:31:11.902Z,Phnom-Penh,420
564740201,en_US,1970,female,2012-10-31T17:25:51.818Z,Tbilisi-Georgia,240
646605258,en_US,1992,male,2012-10-31T17:19:01.874Z,Surabaya-08,420
3438426786,id_ID,1997,male,2012-10-31T03:45:29.485Z,Pekanbaru,420
1657976476,en_US,1980,male,2012-11-26T08:51:28.956Z,Hollywood-California,60
120794232,en_US,1983,male,2012-11-28T17:16:04.146Z,Islamabad-08,300
2946085732,en_US,1992,female,2012-09-14T15:42:43.775Z,Scottsdale-AZ,-420
172091935,id_ID,1992,female,2012-11-21T12:03:09.201Z,Jakarta-Indonesia,420
1543619467,en_US,1989,male,2012-11-18T07:15:46.291Z,Phnom-Penh,420
2793879551,en_US,1988,female,2012-08-21T04:02:19.382Z,?,480
3889145063,en_US,1993,male,2012-09-08T19:12:54.472Z,?,-240
2116058154,en_US,1992,male,2012-11-25T15:26:11.087Z,Torrance-CA,240
559940779,en_US,1994,female,2012-10-31T10:16:31.983Z,Phnom-Pen-Phnum-Penh-Cambodia,420
1376299566,en_US,1988,female,2012-09-27T00:47:45.226Z,Los-Angeles-California,-480
172574720,id_ID,1991,male,2012-10-03T01:22:56.383Z,Medan-Indonesia,420
517270916,en_US,1978,male,2012-09-12T23:46:31.075Z,Millbrae-California,-480
1038597258,fr_FR,1992,male,2012-11-29T10:14:05.220Z,Los-Angeles-California,60
3755906749,es_LA,1985,male,2012-09-05T04:12:44.841Z,?,-360
3999446682,en_US,1993,male,2012-10-30T06:02:41.128Z,Phnom-Penh,420
1022678066,bg_BG,1993,female,2012-09-30T14:55:53.365Z,Los-Angeles-California,120
795827156,en_US,1982,male,2012-10-31T01:33:55.967Z,?,420
910883992,en_US,1985,male,2012-04-14T16:03:07.031Z,?,-360
2519455003,en_GB,1991,male,2012-10-24T20:58:24.610Z,Denver-CO,-210
3564752358,id_ID,1991,female,2012-10-31T11:03:15.277Z,Yogyakarta,-480
2677900219,en_US,1994,male,2012-10-04T23:28:44.361Z,Norwalk-California,-420
2157224192,en_US,1993,female,2012-11-01T06:06:14.989Z,Hanoi-44,420
2627471112,id_ID,1992,female,2012-11-03T14:16:54.311Z,Yogyakarta,420
2646620872,id_ID,1993,male,2012-10-11T23:00:48.571Z,Medan-Indonesia,420
455279111,en_US,1984,male,2012-11-17T04:31:16.638Z,Grande-Prairie-AB,-420
2833294059,en_US,1993,male,2012-11-01T05:38:42.629Z,Grand-Bois-Savanne-Mauritius,-150
1871020343,es_LA,1991,female,2012-10-28T02:10:53.458Z,Bronx-New-York,-300
1304782487,id_ID,1991,male,2012-11-01T08:12:29.177Z,Salatiga,420
1244786433,en_US,1992,male,2012-11-07T10:41:00.321Z,Bantul,420
916416992,id_ID,1992,female,2012-10-27T05:23:52.134Z,Yogyakarta,420
1562088593,en_US,1993,female,2012-10-29T23:15:33.916Z,Phnom-Penh-11,420
1295642481,en_GB,1991,female,2012-10-27T00:53:56.710Z,Toronto-Ontario,-300
1654827755,en_US,1992,male,2012-11-25T04:25:24.559Z,Okara-04,300
2972091512,en_GB,1997,male,2012-11-14T10:28:41.492Z,Port-Louis-Mauritius,240
3325600533,es_LA,1996,female,2012-10-17T17:39:49.822Z,Santo-Domingo-Dominican-Republic,-240
2082092155,en_US,1988,male,2012-09-07T00:26:57.859Z,?,-480
900499460,es_ES,1991,male,2012-10-30T03:11:06.465Z,Santo-Domingo-Dominican-Republic,-240
1013091451,en_US,1977,female,2012-09-27T21:55:52.265Z,Ottawa-Ontario,-300
824689700,en_US,1991,female,2012-11-11T18:12:40.402Z,Bandung-Indonesia,420
1812274103,en_US,1986,male,2012-05-25T19:00:59.810Z,?,-300
2518475119,id_ID,1992,male,2012-10-30T13:40:09.988Z,Djokja-Yogyakarta-Indonesia,420
4161901504,id_ID,1996,female,2012-09-27T04:48:32.097Z,Medan-Indonesia,420
107765014,id_ID,1987,female,2012-10-21T12:47:50.802Z,Medan-Indonesia,540
1984414299,en_US,1992,female,2012-10-30T11:40:30.474Z,Tehran-Iran,210
3833328550,en_US,1990,female,2012-10-27T01:28:55.879Z,Jogjakarta-Indonesia,420
88918018,en_US,None,female,2012-04-26T13:41:07.536Z,?,-240
3301746331,en_US,1996,male,2012-10-31T02:40:10.549Z,Phnom-Penh-11,420
1151791482,en_US,1991,male,2012-09-19T18:08:18.270Z,Phoenix-Arizona,-420
2758631657,id_ID,1979,male,2012-11-24T12:40:54.200Z,Jakarta-04,420
3313314225,ar_AR,1980,male,2012-11-23T11:38:55.549Z,Dhahran-06,180
2530941004,en_US,1984,male,2012-10-31T14:39:14.758Z,Los-Angeles-CA,-480
2138215724,en_US,1997,male,?,,420
2189519770,en_US,1997,male,2012-11-01T07:34:01.554Z,Phnom-Penh,420
136748636,id_ID,1996,male,2012-10-30T23:38:46.169Z,Yogyakarta,420
1678136919,id_ID,1994,male,2012-09-23T07:42:22.872Z,Medan-Indonesia,420
2560787581,en_US,1993,male,2012-10-09T07:53:20.317Z,Hong-Kong,330
3407419315,en_US,1995,male,2012-11-01T08:18:44.220Z,Notre-Dame-Pamplemousses-Mauritius,240
3838918205,th_TH,1950,male,2012-10-31T00:38:09.371Z,Bangkok-40,390
556947170,id_ID,1993,male,2012-10-26T14:35:42.044Z,Yogyakarta,420
2208178449,id_ID,1997,male,2012-11-25T05:44:40.140Z,Medan-Indonesia,420
11239648,fr_FR,1969,male,2012-10-30T08:14:54.286Z,?,60
502043758,en_US,1989,male,2012-11-01T02:35:48.228Z,Phnom-Penh,420
722181828,ka_GE,1994,male,2012-11-01T10:34:42.343Z,Bat-Umi-Ajaria-Georgia,300
457456094,en_US,1990,female,2012-11-05T07:38:37.540Z,Yogyakarta,420
1093450909,id_ID,1992,female,2012-11-18T20:31:04.604Z,Pematangsieantar-Sumatera-Utara-Indonesia,420
2297224697,en_US,1994,female,2012-10-30T18:12:52.751Z,Curepipe-Mauritius,240
3887778002,id_ID,1984,male,2012-10-14T12:04:08.883Z,Medan-Indonesia,420
1906156306,id_ID,1988,male,2012-10-04T18:23:19.491Z,Medan-Indonesia,420
3110482182,id_ID,1995,male,2012-10-27T17:19:32.966Z,Medan-Indonesia,420
1361590718,en_US,1981,female,2012-05-30T17:03:59.937Z,?,-240
822970532,id_ID,1994,female,2012-10-26T10:52:11.395Z,Yogyakarta,420
1868616522,en_US,1991,female,2012-09-23T04:18:59.559Z,London-Ontario,-300
2708874622,km_KH,1994,male,2012-10-30T13:07:35.844Z,Phnom-Penh,420
3408810544,id_ID,1995,female,2012-10-27T02:54:02.681Z,Medan-Indonesia,420
678657065,en_US,1990,male,2012-08-31T04:00:14.485Z,?,-240
535307877,en_US,1990,male,2012-11-01T01:27:51.377Z,undefined-undefined,-660
2549289833,en_US,1991,female,2012-10-02T12:14:43.364Z,Bekasi,420
2841419081,en_US,1993,male,2012-10-10T02:53:00.068Z,Palmdale-California,-480
1405508701,id_ID,1988,male,2012-10-28T11:18:22.982Z,Jogjakarta-Indonesia,420
4247633368,id_ID,1994,male,2012-11-15T12:54:44.790Z,Gamping-Yogyakarta-Indonesia,420
4076353764,es_LA,1996,female,2012-11-05T23:57:12.923Z,Santo-Domingo-Dominican-Republic,-360
3540211526,en_US,1992,male,2012-07-26T12:53:55.692Z,?,-420
2184815434,en_US,1988,female,2012-10-06T04:04:16.065Z,La-Palma-California,-480
3285251346,en_US,1980,female,2012-10-18T00:35:37.185Z,Scarborough-ON,180
116506452,en_US,1986,male,2012-11-21T14:56:07.741Z,Kingston-NY,300
2677859360,en_US,None,female,2012-05-15T11:10:39.907Z,?,-240
969017182,id_ID,1992,female,2012-10-13T06:15:28.055Z,Medan-Indonesia,420
165342297,en_US,1972,female,2012-12-05T23:08:50.476Z,Wailuku-Hawaii,-600
3559988733,id_ID,1992,female,2012-11-01T05:57:40.836Z,Medan-Indonesia,420
2042584290,en_US,1994,male,2012-10-02T04:38:03.735Z,Roswell-GA,-300
569826712,id_ID,1994,male,2012-10-03T06:12:12.346Z,Boston-New-York,420
3806430092,en_US,1988,female,2012-11-01T07:09:58.437Z,Phnom-Penh,420
820056297,id_ID,1994,female,2012-10-04T06:01:03.740Z,Medan-Indonesia,420
3305804167,id_ID,1995,male,2012-10-07T08:13:31.018Z,Medan-Indonesia,420
2275513529,en_US,1944,female,2012-10-14T01:00:00.580Z,Fredericton-NB,-240
1056131461,en_US,1992,female,2012-10-09T18:01:10.042Z,Los-Angeles-California,60
1324802910,hu_HU,1995,male,2012-10-27T17:03:59.016Z,Miskolc-Hungary,60
1709266387,id_ID,1994,male,2012-10-07T17:31:39.619Z,Malang,420
3120690572,en_US,None,male,2012-05-09T19:51:52.517Z,?,-240
2124285307,en_US,1992,male,2012-11-05T17:04:39.551Z,Phnom-Penh,420
722207518,en_US,1995,male,2012-10-31T04:01:00.803Z,Phnom-Penh,420
3780553648,id_ID,1945,male,2012-10-10T15:14:22.212Z,Medan-Indonesia,420
3796123110,en_US,1994,male,2012-11-17T17:13:14.023Z,Islamabad-08,300
390420627,id_ID,1991,male,2012-11-04T20:07:26.105Z,Yogyakarta,420
2799161384,es_LA,1993,male,2012-10-31T04:56:23.143Z,Santo-Domingo-Dominican-Republic,480
890762716,id_ID,1992,male,2012-10-01T16:20:41.496Z,Medan-Indonesia,420
1452286014,en_US,1983,female,2012-09-28T04:28:21.208Z,Phoenix-Arizona,-420
3583589130,ka_GE,1990,female,2012-11-01T05:01:07.843Z,Tbilisi-Georgia,240
384011878,id_ID,1992,female,2012-10-19T07:06:54.287Z,Medan-Indonesia,420
3507630779,en_US,1993,male,2012-11-11T07:18:46.851Z,Phnom-Penh,-480
2141327957,id_ID,1994,male,2012-10-31T15:40:26.503Z,Sleman,420
3416797434,id_ID,1992,male,2012-10-03T02:24:06.604Z,Milan-Italy,420
636572274,pt_BR,1993,male,2012-10-05T17:53:45.223Z,Los-Angeles-California,-120
1553775107,en_US,1987,male,2012-10-24T22:39:37.492Z,Santa-Monica-California,-480
2820476497,id_ID,1991,female,2012-10-06T12:02:41.852Z,Medan-26,420
3918577745,en_US,1993,female,2012-09-29T22:40:46.746Z,Toronto-Ontario,-300
1037927665,en_US,1991,female,2012-10-29T12:10:32.853Z,Jakarta-Indonesia,420
287235030,en_US,1985,female,2012-09-12T21:18:46.047Z,?,-420
414453175,en_US,1987,female,2012-09-27T07:22:06.306Z,Karachi-Pakistan,300
4154936389,en_US,1983,male,2012-10-20T23:40:40.973Z,Los-Angeles-California,-420
3350355073,id_ID,1996,female,2012-09-27T09:54:37.442Z,Tebing-Tinggi,420
1664185290,it_IT,1990,male,2012-10-22T07:28:00.468Z,Los-Angeles-California,60
3091328737,en_US,None,male,2012-11-08T00:19:10.474Z,Rowland-Heights-California,-420
2013858156,id_ID,1988,male,2012-10-31T05:40:23.488Z,Yogyakarta,420
3477142777,id_ID,1991,male,2012-10-29T14:11:32.887Z,Djokja-Yogyakarta-Indonesia,420
3434108880,en_US,1984,male,2012-11-04T12:15:05.874Z,Phnom-Penh,420
4153122090,en_US,1988,male,2012-10-15T17:09:43.148Z,Los-Angeles-California,-420
2365101470,en_US,1986,male,2012-10-31T07:21:42.117Z,Provo-Utah,-420
668676757,en_US,1997,male,2012-11-17T02:46:17.096Z,Phnom-Penh,420
403920458,en_US,1986,male,2012-07-26T21:37:18.141Z,?,-240
53534747,en_US,None,female,2012-05-19T01:01:20.249Z,?,-240
2069616722,es_LA,1991,male,2012-10-26T21:43:02.381Z,Santo-Domingo-Dominican-Republic,-240
1033215552,en_US,1980,male,2012-08-23T02:47:20.920Z,?,-420
711023,id_ID,1990,male,2012-10-31T09:33:21.025Z,Banda-Aceh-Indonesia,420
947527680,es_ES,1992,male,2012-10-29T04:26:00.178Z,Santo-Domingo-Dominican-Republic,480
2938061538,en_US,1987,female,2012-06-24T17:45:04.251Z,?,-300
2067276681,en_US,1993,male,2012-10-31T17:35:33.255Z,Phnom-Penh-11,420
3704545490,es_ES,1988,male,2012-10-31T03:41:45.841Z,Santo-Domingo-Dominican-Republic,-240
3621701120,es_LA,1998,female,2012-11-01T01:26:15.076Z,Santo-Domingo-Dominican-Republic,-240
370733614,id_ID,1992,female,2012-11-26T08:28:47.053Z,Bogor-Indonesia,420
825108026,id_ID,1996,male,2012-11-03T20:26:24.537Z,Pematangsiantar,420
257963575,ar_AR,1983,male,2012-11-26T02:00:53.065Z,Jeddah-14,180
3092284434,id_ID,1994,male,2012-10-25T00:41:17.166Z,Medan-Indonesia,420
1341127364,id_ID,1993,female,2012-09-23T08:59:33.629Z,Medan-Indonesia,420
1236318289,es_ES,1995,male,2012-10-30T10:52:31.595Z,Santo-Domingo-Dominican-Republic,-240
3925821389,fr_FR,1998,male,2012-10-04T22:26:25.275Z,Casablanca-Morocco,
1054277369,id_ID,1993,male,2012-10-26T02:28:59.199Z,Djokja-Yogyakarta-Indonesia,420
1746957968,fa_IR,1990,male,2012-11-07T19:04:06.647Z,?,-510
1345749776,es_LA,1995,male,2012-10-29T20:10:33.285Z,Santo-Domingo-Dominican-Republic,420
3968233868,en_US,1969,male,2012-11-12T14:26:26.954Z,Sanford-Florida,-300
4146306785,en_US,1993,female,2012-10-30T07:49:28.423Z,Port-Louis-18,240
2532791342,en_US,1982,male,2012-10-23T01:24:06.013Z,Monrovia-CA,-480
2247804946,en_US,1990,male,2012-12-03T19:21:51.258Z,Manhattan-New-York,-300
1301806876,id_ID,1989,male,2012-11-01T02:22:36.176Z,Yogyakarta,420
2375214058,id_ID,1990,female,2012-10-30T05:22:38.035Z,Yogyakarta,420
7547671,en_US,1991,male,2012-12-06T13:40:26.839Z,Los-Angeles-California,270
1501899603,en_US,1978,male,2012-11-04T16:09:00.063Z,Washington-Heights-New-York,-300
2828446574,en_US,1988,male,2012-11-19T05:19:53.633Z,Stanton-California,-480
1998481195,es_ES,1998,female,2012-10-31T22:22:58.305Z,Santo-Domingo-Dominican-Republic,-480
1105776459,en_US,1983,female,2012-10-30T08:05:45.692Z,Port-Louis-Mauritius,240
1818366931,en_US,1995,female,2012-10-29T14:15:24.518Z,Grand-Baie-Riviere-Du-Rempart-Mauritius,240
3664712956,fa_IR,1987,female,2012-11-25T16:26:13.337Z,Sistan-07,210
4105434940,id_ID,1992,female,2012-10-29T14:52:40.652Z,Yogyakarta,420
844138653,en_US,None,male,2012-05-19T22:44:15.035Z,?,-240
1574906366,id_ID,1993,female,2012-10-15T11:25:05.345Z,Jakarta-04,420
161343405,id_ID,1994,male,2012-09-25T04:37:02.493Z,Medan-Indonesia,420
205829584,es_ES,1992,male,2012-11-21T20:23:42.264Z,Santo-Domingo-05,-240
1460459884,ka_GE,1991,male,2012-10-31T21:43:00.966Z,Tbilisi-Georgia,240
1085428528,id_ID,1981,female,2012-11-29T06:27:30.720Z,Semarang-Indonesia,420
1063410871,en_US,1995,male,2012-10-31T23:55:53.967Z,Phnom-Penh,420
1896924784,en_US,1990,male,2012-11-03T21:37:04.094Z,Phnom-Pen-Phnum-Penh-Cambodia,420
1351574647,en_US,1985,male,2012-10-30T00:31:27.265Z,Hamilton-Ontario,-300
4286873708,en_US,None,male,2012-05-13T03:26:50.788Z,?,-240
2208794627,en_US,1986,male,2012-11-28T22:16:15.763Z,Ventura-California,-480
4225873152,en_US,1989,male,2012-10-05T17:26:42.270Z,Irvine-California,-420
2925300981,id_ID,1992,male,2012-10-31T03:54:26.906Z,Medan-Indonesia,420
3925613292,en_US,1993,female,2012-11-10T04:42:52.623Z,Phnom-Penh,420
3362986226,es_LA,1993,female,2012-10-31T01:41:40.056Z,San-Felipe-de-Puerto-Plata,-300
2123220693,id_ID,1920,female,2012-10-26T13:04:47.211Z,Jakarta-04,420
1948332802,en_US,1993,male,2012-09-21T17:54:41.866Z,Toronto-Ontario,-300
3638553704,en_US,1988,male,2012-10-27T23:26:31.476Z,Purwokerto-Jawa-Tengah-Indonesia,420
2040370714,en_US,1982,male,2012-06-06T00:07:41.916Z,?,-240
1162084062,es_LA,1984,male,2012-10-21T15:21:05.902Z,Highland-CA,-420
1028606655,en_US,1982,male,2012-10-28T01:46:58.033Z,Colombo-Sri-Lanka,480
542531268,en_US,1983,female,2012-11-01T04:56:59.229Z,Phnom-Penh,420
498494262,id_ID,1991,male,2012-10-29T17:12:51.310Z,Surabaya-Indonesia,420
1546170063,en_US,1992,male,2012-10-12T20:21:44.997Z,Los-Angeles-California,-480
2048999821,id_ID,1994,female,2012-10-25T06:01:37.913Z,Yogyakarta,420
2848683453,en_US,None,female,2012-09-02T14:30:48.073Z,?,-420
3717678006,id_ID,1996,female,2012-10-15T12:44:01.710Z,Medan-Indonesia,420
2767417776,en_US,1975,male,2012-08-28T22:03:04.514Z,?,-240
3257858683,en_US,1985,male,2012-10-19T02:44:39.882Z,La-Habra-California,-420
4009338933,en_US,1992,male,2012-10-30T12:01:42.866Z,Port-Louis-Mauritius,240
2903065881,hu_HU,1958,female,2012-10-27T15:28:52.201Z,?,60
722076136,id_ID,1996,female,2012-11-04T18:10:48.765Z,Tanjungbalai-Sumatera-Utara-Indonesia,420
3838037746,en_US,1992,male,2012-10-31T12:01:53.875Z,Phnom-Penh,420
2736019340,zh_CN,1991,male,2012-10-03T15:24:28.430Z,?,480
3136732531,en_US,1990,male,2012-10-04T09:28:14.250Z,?,210
1500677073,en_US,1997,female,2012-11-19T03:45:16.772Z,Phnom-Penh,420
524693186,id_ID,1996,male,2012-11-26T14:12:59.634Z,Medan-Indonesia,420
1236470663,ka_GE,1968,female,2012-11-21T15:03:31.067Z,Tbilisi-Georgia,240
516638959,id_ID,1993,male,2012-10-30T00:58:28.280Z,Yogyakarta,420
4102763360,en_US,1993,female,2012-10-27T13:11:41.200Z,Djokjakarta-Yogyakarta-Indonesia,480
2063828444,es_LA,1982,male,2012-11-01T03:06:44.585Z,Santo-Domingo-Dominican-Republic,480
3528906845,id_ID,1991,male,2012-10-03T00:41:25.982Z,Bekasi,420
3645703035,id_ID,1996,male,2012-11-17T05:46:46.249Z,Tanjungbalai-Sumatera-Utara-Indonesia,-420
3198135763,en_GB,1992,male,2012-09-24T18:06:34.595Z,Toronto-Ontario,-300
1385914872,id_ID,1983,male,2012-10-31T07:48:07.444Z,Jogjakarta-Indonesia,420
939750864,en_US,1998,male,2012-10-27T08:09:14.922Z,?,240
2491998019,en_US,1991,male,2012-11-30T15:47:28.148Z,Dubai-United-Arab-Emirates,240
2132310702,en_GB,1993,female,2012-09-29T21:05:43.653Z,Los-Angeles-California,240
1109088616,en_US,1980,male,2012-12-11T16:11:50.219Z,Los-Angeles-California,480
4288792971,fa_IR,1989,male,2012-11-21T00:56:22.966Z,?,210
3441990264,fr_CA,1990,male,2012-10-14T22:26:19.626Z,Rabat-49,
3106932009,hu_HU,1997,female,2012-10-28T06:42:20.447Z,Karcag,60
2195586830,id_ID,1997,male,2012-10-11T05:16:00.876Z,Medan-Indonesia,-480
3009215126,es_ES,1991,male,2012-10-31T02:22:49.368Z,Santo-Domingo-Dominican-Republic,-360
2419426713,id_ID,1995,female,2012-11-15T08:08:42.879Z,Djokja-Yogyakarta-Indonesia,420
2272339133,id_ID,1995,male,2012-10-26T11:20:30.283Z,Yogyakarta,420
4017291216,en_US,1987,female,2012-11-01T06:14:34.027Z,Phnom-Penh-11,420
1646256245,zh_CN,1993,male,2012-09-28T06:40:29.070Z,Whittier-CA,-480
2171680297,id_ID,1991,male,2012-10-30T01:48:22.485Z,Yogyakarta-10,420
1475858600,id_ID,1991,male,2012-11-10T16:04:51.762Z,Klaten-07,420
2674117778,id_ID,1987,female,2012-11-30T09:24:36.117Z,Yogyakarta,420
251071109,id_ID,1986,male,2012-10-30T05:05:06.005Z,Yogyakarta,420
2384368721,en_US,1992,male,2012-10-30T22:00:32.079Z,Calabar,480
478223774,en_US,1993,male,2012-10-30T06:37:13.348Z,Phnom-Penh-11,420
1704437471,en_US,1978,female,2012-06-04T12:01:03.102Z,?,-240
2137883118,id_ID,1994,male,2012-10-27T20:36:13.522Z,Medan-Indonesia,420
3548703208,id_ID,1993,male,2012-10-28T15:31:40.491Z,Yogyakarta,420
1244880349,id_ID,1995,male,2012-10-04T06:31:08.419Z,Jakarta-Indonesia,420
3296890774,en_US,1987,female,2012-11-16T13:58:29.009Z,?,420
3419383268,en_US,1992,male,2012-09-25T20:12:26.819Z,New-Haven-Connecticut,-300
2388589122,id_ID,1979,male,2012-11-08T11:16:51.270Z,Los-Angeles-California,420
1260511469,en_US,1971,female,2012-09-22T15:47:26.714Z,Ottawa-Ontario,-300
3687967272,en_US,1987,male,2012-11-14T11:54:43.446Z,?,
361223314,zh_CN,1988,male,2012-10-09T10:23:21.793Z,?,480
1653042659,id_ID,1992,male,2012-11-08T22:15:09.342Z,Yogyakarta,420
3123500032,es_ES,1992,female,2012-11-06T13:18:57.701Z,Madrid-Spain,60
1224749340,en_US,None,male,2012-05-05T01:39:39.554Z,?,-240
3338817729,en_US,1990,male,2012-10-14T10:49:14.195Z,Medan-Indonesia,420
1325052851,es_ES,1992,female,2012-10-26T23:13:59.063Z,Santo-Domingo-Dominican-Republic,60
711114701,id_ID,1995,male,2012-10-28T00:52:34.885Z,Medan-Indonesia,420
1276180920,id_ID,1990,male,2012-10-31T09:04:52.071Z,Semarang-Indonesia,420
4215261103,en_US,1999,female,2012-11-01T09:43:55.822Z,Bel-Air-Flacq-Mauritius,240
101139532,hu_HU,1987,male,2012-10-27T15:07:48.781Z,Budapest-05,270
3420765349,en_US,1992,male,2012-11-02T02:18:03.020Z,Brahmanbaria-Chittagong-Bangladesh,480
2119839197,en_US,1994,female,2012-07-01T23:20:34.607Z,?,-240
4110643370,en_US,1995,male,2012-11-01T06:16:20.608Z,Roche-Terre-Riviere-Du-Rempart-Mauritius,-450
4157885496,en_US,1982,male,2012-05-26T14:25:54.967Z,?,-300
1669438538,id_ID,1995,male,2012-10-28T09:37:48.768Z,Malang,420
170812873,en_GB,1978,male,2012-11-19T13:38:09.609Z,Scotland-Texas,
2189497721,en_US,1983,male,2012-09-06T15:42:31.318Z,?,330
3316923302,en_US,1984,male,2012-11-01T08:36:17.548Z,Phnom-Pen-Phnum-Penh-Cambodia,420
76794098,id_ID,1989,male,2012-09-24T12:05:57.909Z,Medan-Indonesia,420
1456300969,id_ID,1995,male,2012-11-06T07:47:59.843Z,Jombang-Jawa-Timur-Indonesia,420
3437707705,en_US,1987,male,2012-10-18T23:01:45.503Z,San-Francisco-California,-480
1355394873,id_ID,1992,male,2012-10-03T15:27:34.876Z,Tebing-Tinggi,420
1233029527,en_US,None,female,2012-07-25T06:03:37.734Z,?,-420
1284435177,id_ID,1993,male,2012-11-04T07:46:50.239Z,Jakarta-Indonesia,420
896794819,en_US,None,male,2012-05-01T06:36:57.085Z,?,120
946618459,en_US,1992,male,2012-05-28T18:51:34.357Z,?,-240
2637352610,es_LA,1996,male,2012-10-31T01:06:14.936Z,Santo-Domingo-Dominican-Republic,-240
3435925476,en_US,1993,male,2012-11-04T14:11:45.345Z,Kumasi-02,
2564389489,es_ES,1995,male,2012-10-30T01:24:51.901Z,Santo-Domingo-Dominican-Republic,-240
4098190588,en_US,1992,female,2012-10-30T08:15:32.691Z,Bandung-Indonesia,420
1340520017,id_ID,1993,female,2012-11-05T02:10:23.524Z,Cirebon,420
3924427919,en_US,1990,female,2012-09-22T04:04:00.197Z,Columbus-Ohio,-300
2287869902,en_US,1995,male,2012-11-01T03:23:14.024Z,Portola-Valley-California,-420
1638271360,id_ID,1986,male,2012-10-27T16:15:05.245Z,Purworejo-Jawa-Tengah-Indonesia,420
382829431,id_ID,1990,female,2012-10-28T13:41:15.085Z,Jogjakarta-Indonesia,420
2033240422,ar_AR,1978,male,2012-10-29T18:13:59.728Z,?,180
3871561495,en_US,1978,male,2012-10-02T14:10:59.394Z,San-Francisco-California,-420
2345632262,en_US,1991,female,2012-10-27T03:08:57.433Z,Cristo-Rey-Distrito-Nacional,-240
77348873,id_ID,1994,female,2012-10-30T01:44:30.759Z,Yogyakarta,420
3553494760,en_US,1989,female,2012-09-26T00:35:58.396Z,Hamilton-Ontario,-300
768519060,id_ID,1988,male,2012-10-02T08:11:12.136Z,Medan-Indonesia,420
174097564,id_ID,1989,female,2012-10-03T08:05:16.336Z,Medan-Indonesia,420
3547678767,en_US,1990,male,2012-10-30T12:04:35.283Z,Phnom-Penh,420
95505162,id_ID,1992,male,2012-11-10T14:05:11.467Z,Jakarta-Indonesia,420
3261424687,en_US,1963,female,2012-10-01T11:24:09.197Z,Nairobi-05,180
1079339663,en_US,1981,male,2012-09-26T08:13:58.658Z,Toronto-Ontario,-300
1925090585,en_US,1984,male,2012-11-01T06:39:39.542Z,Tbilisi-Georgia,240
4163629094,fa_IR,1978,male,2012-11-28T12:04:33.037Z,Fernley-NV,210
3029719272,en_US,1990,female,2012-10-30T23:28:53.054Z,Surabaya-Indonesia,420
1490282397,en_US,1994,female,2012-09-17T02:47:17.967Z,Fairfield-California,-480
2107966400,id_ID,1990,male,2012-10-30T17:36:24.545Z,Jokjakarta-Yogyakarta-Indonesia,420
959869165,en_US,1992,female,2012-10-29T16:52:51.627Z,Yogyakarta,420
863165630,id_ID,1991,male,2012-10-31T16:45:03.520Z,Yogyakarta,420
3561509722,id_ID,1993,male,2012-10-27T08:23:26.211Z,Medan-26,420
4004924535,en_US,1992,male,2012-10-02T15:56:36.835Z,Barrie-Ontario,-240
2144746556,id_ID,1992,female,2012-09-26T02:57:32.021Z,Medan-Indonesia,420
677882200,zh_CN,1989,male,2012-10-28T15:36:19.628Z,Seoul-11,480
4042925768,fi_FI,1984,male,2012-12-01T14:42:16.406Z,Lahti-Finland,120
401171905,ar_AR,1990,male,2012-11-25T19:50:36.603Z,Assiut-17,120
772508495,id_ID,1994,female,2012-11-18T08:00:12.258Z,Sibolga,420
4235988291,id_ID,1996,male,2012-11-30T04:57:09.423Z,Jakarta-04,420
1340176856,id_ID,1992,female,2012-10-26T21:41:24.217Z,Jogjakarta-Indonesia,420
4069111979,es_ES,1996,male,2012-10-27T13:33:08.165Z,Santo-Domingo-Dominican-Republic,-180
4088211339,en_US,1993,female,2012-11-01T06:01:11.333Z,Siem-Reap,420
3582428706,fr_FR,1969,male,2012-10-25T13:19:44.643Z,Tunis-Tunisia,60
1734021677,en_GB,1991,female,2012-11-04T02:52:57.902Z,Los-Angeles-California,-480
29857654,ka_GE,1992,male,2012-11-01T08:29:56.659Z,Tbilisi-Georgia,240
565751058,en_US,1989,male,2012-11-24T13:42:47.288Z,Sihanoukville,540
1163404337,id_ID,1992,male,2012-10-28T05:23:58.733Z,Djokja-Yogyakarta-Indonesia,420
2503213480,hu_HU,1949,female,2012-11-06T11:57:00.249Z,Miskolc-Hungary,60
3138500404,es_LA,1993,female,2012-10-30T01:33:30.376Z,Bronx-New-York,-300
1992398872,en_US,1988,male,2012-11-01T04:26:05.965Z,Phnom-Penh,420
2208341903,es_LA,1996,male,2012-10-28T02:56:21.932Z,New-York-New-York,-240
2640881369,en_US,1968,female,2012-11-18T18:09:49.967Z,Honolulu-Hawaii,-600
2419672992,en_US,1986,male,2012-11-06T07:12:35.343Z,Los-Angeles-California,-480
3554738022,id_ID,1997,male,2012-10-29T04:53:54.901Z,Tangerang,420
4096109262,en_US,1996,female,2012-10-27T12:06:09.879Z,Bel-Air-Flacq-Mauritius,240
3973970397,es_LA,1994,male,2012-11-01T00:10:51.822Z,Santo-Domingo-Dominican-Republic,-480
3123823913,es_ES,1996,female,2012-11-06T23:24:51.566Z,Santo-Domingo-05,-360
3646961870,id_ID,1994,male,2012-10-07T09:22:11.781Z,Tebing-Tinggi,420
716050522,id_ID,1993,female,2012-11-11T01:52:31.205Z,Jokjakarta-Yogyakarta-Indonesia,420
321482271,en_GB,1993,female,2012-11-11T01:38:12.070Z,Medan-Indonesia,420
2872077557,en_US,1992,male,2012-10-31T03:45:35.039Z,Phnom-Pen-Phnum-Penh-Cambodia,420
3621859912,en_US,1990,female,2012-11-01T02:24:47.475Z,Phnom-Penh,420
3793811479,en_US,1992,female,2012-11-08T15:57:05.286Z,Quatre-Bornes-Mauritius,-600
3005292329,hu_HU,1998,male,2012-10-27T11:05:10.026Z,Diosgyor-Miskolc-Hungary,60
2271261888,en_US,1995,male,2012-11-16T06:31:05.052Z,Tonekabon,210
1598236048,en_US,1985,male,2012-10-30T02:17:34.353Z,Los-Angeles-CA,-420
1659478804,id_ID,1992,male,2012-10-21T14:42:11.620Z,Medan-Indonesia,420
1493027256,id_ID,1986,female,2012-09-26T08:20:33.494Z,Jakarta-Indonesia,420
756565317,fr_FR,None,male,2012-04-28T07:50:24.906Z,?,120
255860472,en_US,1991,male,2012-10-31T04:19:45.465Z,Phnom-Penh,420
960235819,en_US,1991,male,2012-10-31T03:55:56.644Z,Phnom-Penh,420
3816191065,ka_GE,1990,male,2012-11-10T17:43:43.947Z,Tbilisi-Georgia,-720
2133110229,en_US,1993,male,2012-10-31T02:12:28.757Z,?,420
1381335810,en_US,1992,male,2012-07-30T04:00:48.745Z,?,-240
45386976,en_US,1996,male,2012-11-14T10:44:39.504Z,Phnom-Penh,420
4243934665,id_ID,1987,male,2012-10-30T11:00:37.715Z,Djokja-Yogyakarta-Indonesia,420
4232830573,en_US,1984,female,2012-06-25T20:20:02.780Z,?,-240
2477138402,id_ID,1987,male,2012-10-09T19:01:54.395Z,?,420
4884521,en_US,1991,male,2012-10-28T18:38:13.388Z,Banyumas-Jawa-Tengah-Indonesia,420
3444805670,en_US,1994,male,2012-10-31T03:02:16.751Z,Phnom-Penh,420
109145153,id_ID,1995,male,2012-10-13T14:14:31.483Z,Lhokseumawe,420
3277999864,id_ID,1994,female,2012-10-30T12:27:12.322Z,Jokjakarta-Yogyakarta-Indonesia,420
1933882083,id_ID,1995,female,2012-09-24T04:29:23.273Z,Medan-Indonesia,420
3986193980,id_ID,1992,male,2012-09-25T03:25:39.405Z,Medan-Indonesia,420
2879282051,en_US,1988,male,2012-11-20T17:48:56.292Z,Tehran-Iran,210
2203441658,es_LA,1993,female,2012-10-30T18:21:19.274Z,Santo-Domingo-Dominican-Republic,270
3154227214,tr_TR,1977,male,2012-10-30T00:36:37.271Z,?,120
1854325030,en_GB,1975,female,2012-11-12T22:50:55.731Z,?,-480
739587553,id_ID,1993,male,2012-11-04T09:03:47.815Z,Surabaya-Indonesia,420
2216574637,id_ID,1991,female,2012-11-03T17:40:41.872Z,Jogjakarta-Indonesia,420
2871644594,id_ID,1995,male,2012-10-29T12:55:41.177Z,Medan-Indonesia,420
3536520517,id_ID,1993,male,2012-10-30T23:49:23.837Z,Jakarta-04,420
2994445755,en_US,1987,male,2012-10-25T05:53:13.566Z,Los-Angeles-California,-420
2101016537,id_ID,1995,male,2012-10-03T07:04:08.245Z,Medan-Indonesia,420
4198688186,id_ID,1993,female,2012-09-28T09:03:16.889Z,Medan-Indonesia,480
3951182675,en_US,1994,male,2012-11-18T12:39:39.391Z,Los-Angeles-California,360
1123220324,en_US,1989,female,2012-11-05T00:26:47.833Z,Los-Angeles-California,-480
2682852451,en_US,1993,female,2012-10-31T12:58:20.052Z,Triolet-Mauritius,240
49292005,id_ID,1990,male,2012-10-12T14:45:35.620Z,Medan-Indonesia,420
249270168,en_US,1989,male,2012-11-19T01:53:07.317Z,Long-Beach-California,-480
2077789582,en_US,1992,male,2012-09-24T15:13:18.998Z,Toronto-Ontario,-240
242122873,es_LA,1980,male,2012-11-08T01:06:46.159Z,Fontana-California,-480
2351614224,en_US,1993,male,2012-10-11T16:45:14.633Z,?,-480
822872089,en_US,1970,female,2012-09-23T23:56:33.467Z,Fredericton-New-Brunswick,-180
4123608695,en_US,1994,male,2012-11-10T10:25:13.157Z,?,210
1179235992,zh_CN,None,female,2012-04-21T03:02:14.109Z,?,-240
410137411,en_US,1990,female,2012-10-31T03:22:09.289Z,Yogyakarta,420
875680766,es_LA,1990,female,2012-11-04T17:18:23.794Z,Santo-Domingo-Dominican-Republic,-240
1149644653,hu_HU,1994,female,2012-10-27T23:45:38.274Z,?,120
3941506724,fa_IR,1988,male,2012-11-05T14:02:17.978Z,?,-480
455526055,en_US,1987,male,2012-09-22T23:01:28.001Z,Gilbert-Arizona,-420
426982030,es_LA,1996,male,2012-10-29T20:14:28.553Z,Cristo-Rey-Distrito-Nacional,-240
3871615830,id_ID,1994,male,2012-10-03T03:59:06.295Z,Medan-Indonesia,420
3394402626,id_ID,1988,female,2012-10-30T10:12:06.066Z,Yogyakarta,420
1188723743,id_ID,1990,female,2012-10-25T06:15:31.636Z,Medan-Indonesia,420
3933733374,en_GB,1994,female,2012-10-26T13:35:22.762Z,Medan-Indonesia,420
987676325,en_US,1988,male,2012-10-30T13:52:07.830Z,Phnom-Penh,420
3102618987,es_LA,1995,female,2012-11-17T20:43:33.496Z,Newark-New-Jersey,-300
3194413349,id_ID,1993,male,2012-10-27T23:16:05.890Z,Bandar-Lampung,420
1634123974,es_LA,1998,male,2012-11-01T01:43:05.397Z,Santo-Domingo-05,60
601711363,id_ID,1993,female,2012-11-21T12:44:04.911Z,Yogyakarta,420
180038184,en_US,1990,male,2012-11-09T07:53:48.922Z,Phnom-Pen-Phnum-Penh-Cambodia,420
1460435061,en_US,1984,male,2012-10-30T03:35:17.471Z,Santa-Ana-California,-480
3540535392,id_ID,1997,male,2012-11-11T04:10:30.641Z,Sudan-Di-Dhok-Jammu-And-Kashmir-India,420
2411528098,es_LA,1985,male,2012-11-22T20:07:05.328Z,Los-Angeles-California,-210
1176663428,zh_CN,1991,male,2012-09-08T22:51:20.802Z,?,-300
945753914,en_US,1989,female,2012-08-17T22:11:03.189Z,?,-240
3210023798,id_ID,1992,male,2012-10-16T19:53:07.326Z,Medan-Indonesia,420
769111518,en_US,None,female,2012-05-04T04:42:20.726Z,?,240
2970891920,de_DE,1984,male,2012-10-14T15:18:53.245Z,Essen,120
865306941,en_US,1993,male,2012-06-03T23:31:20.634Z,?,-240
1519599723,en_US,1990,female,2012-11-01T12:53:04.314Z,Siem-Reap,420
1297698141,id_ID,1992,male,2012-10-25T00:06:16.266Z,Djokja-Yogyakarta-Indonesia,420
44710339,id_ID,1994,male,2012-09-30T12:12:21.596Z,Medan-Indonesia,420
375327453,en_US,None,female,2012-04-23T04:14:15.266Z,?,180
3617099694,en_US,1987,female,2012-11-01T07:31:33.043Z,Phnom-Penh-11,420
974435953,id_ID,1994,male,2012-10-30T07:43:46.032Z,Yogyakarta,420
1291863335,id_ID,1994,female,2012-11-01T06:17:34.923Z,Yogyakarta,390
2332449103,en_GB,1996,male,2012-10-30T11:45:34.147Z,Las-Vegas-Nevada,240
884151658,id_ID,1982,female,2012-11-01T04:14:17.278Z,Purworejo-Jawa-Tengah-Indonesia,420
2193694254,en_US,1966,female,2012-10-30T02:17:51.912Z,Eugene-Oregon,-480
1002430623,en_US,1983,female,2012-06-12T23:19:37.293Z,?,-240
741849318,en_US,1989,female,2012-11-01T02:05:58.834Z,Phnom-Penh-11,420
489303311,fr_FR,1996,male,2012-10-30T07:34:26.261Z,L-Escalier-Grand-Port-Mauritius,240
3523569764,en_US,1994,female,2012-10-30T09:33:07.644Z,Phnom-Penh,420
3510060585,id_ID,1993,male,2012-11-01T10:12:51.592Z,Kebumen-Jawa-Tengah-Indonesia,420
645319430,id_ID,1992,female,2012-10-30T08:39:43.713Z,Yogyakarta-10,420
139953587,en_US,None,female,2012-05-23T03:42:15.298Z,?,-240
705428749,id_ID,1994,male,2012-09-26T03:18:50.961Z,Medan-Indonesia,420
3133834722,en_US,1977,female,2012-10-06T18:33:46.661Z,Irvine-California,-420
2317640375,id_ID,1992,male,2012-09-29T20:36:09.076Z,Tebing-Tinggi,420
1860318569,id_ID,1991,female,2012-10-30T11:46:03.095Z,Banda-Aceh-Indonesia,420
2410636466,es_ES,1997,female,2012-10-31T00:56:43.122Z,Santo-Domingo-Dominican-Republic,-240
4255936598,en_US,1992,male,2012-09-24T15:44:59.177Z,Toronto-Ontario,-300
3374282771,en_US,1993,male,2012-11-21T14:06:32.976Z,Phnom-Penh,420
3408917707,en_US,1990,male,2012-09-19T15:14:34.434Z,undefined-undefined,390
3030712419,en_US,1983,male,2012-06-17T14:27:45.459Z,?,-240
4097511447,id_ID,1994,male,2012-10-29T00:36:03.382Z,Semarang-Indonesia,420
3053014314,sq_AL,None,male,2012-05-05T01:26:34.826Z,?,-240
3580804287,id_ID,1980,male,2012-10-30T18:32:34.623Z,Jogjakarta-Indonesia,420
3805853041,en_US,1984,female,2012-07-03T13:49:48.577Z,?,-240
3570118573,en_US,1994,male,2012-10-18T03:10:13.643Z,Corona-California,-480
589221841,en_US,1994,female,2012-10-31T04:57:50.305Z,Roche-Bois-Pamplemousses-Mauritius,240
247769793,id_ID,1994,male,2012-11-26T21:45:52.980Z,Cilegon,450
2028751864,en_US,1990,male,2012-11-01T08:59:19.754Z,Phnom-Penh,-360
3662646858,en_US,1995,male,2012-11-22T11:29:23.708Z,?,420
4078922973,en_US,1989,male,2012-10-25T05:56:07.106Z,Cilegon,420
3932918692,en_US,1993,male,2012-11-09T13:46:20.833Z,Phnom-Pen-Phnum-Penh-Cambodia,420
1221858023,en_US,1992,male,2012-11-27T03:34:19.197Z,Phnom-Penh,420
3525576410,en_US,1981,male,2012-10-29T23:46:03.323Z,Phnom-Penh,420
881175539,id_ID,1997,male,2012-10-26T13:35:21.241Z,Medan-Indonesia,420
3226548018,id_ID,1995,female,2012-11-01T09:30:16.616Z,Jombang-Jawa-Timur-Indonesia,420
927189808,id_ID,1993,male,2012-10-29T23:29:35.632Z,Yogyakarta,420
1918945522,id_ID,1996,female,2012-11-09T03:42:30.207Z,Sidoarjo-Jawa-Timur-Indonesia,420
2301323677,en_US,1978,male,2012-10-29T23:41:35.167Z,San-Francisco-California,-480
2104908689,en_US,1978,male,2012-11-20T21:43:24.441Z,Los-Angeles-California,-480
2187183134,en_US,1992,male,2012-09-08T00:52:30.493Z,?,-240
1146735384,en_US,1993,male,2012-11-27T13:24:34.253Z,?,510
2971889961,en_US,1981,male,2012-10-20T18:22:11.391Z,Medan-Indonesia,420
3073026181,id_ID,1993,male,2012-10-04T02:24:00.173Z,Los-Angeles-California,420
3326219142,en_US,1979,female,2012-06-27T12:04:51.173Z,?,-240
2585641170,id_ID,1989,female,2012-10-28T10:53:52.025Z,Jogjakarta-Indonesia,420
1739448007,en_US,1990,male,2012-10-29T12:43:16.964Z,Phnom-Pen-Phnum-Penh-Cambodia,420
273554326,es_LA,1997,male,2012-10-31T03:59:25.291Z,La-Vega-Dominican-Republic,-240
3996854650,en_US,1989,male,2012-12-06T13:08:36.364Z,Los-Angeles-CA,-480
1582553363,es_ES,1995,male,2012-10-25T23:31:52.338Z,Santo-Domingo-Dominican-Republic,60
468645454,en_US,1992,male,2012-11-01T02:10:07.510Z,Battambang,420
2556133275,id_ID,1994,female,2012-10-28T00:56:54.922Z,Medan-Indonesia,420
4278633821,zh_HK,1966,male,2012-06-09T04:56:16.282Z,?,480
2948923458,id_ID,1997,male,2012-11-07T11:07:36.171Z,Soroako,480
3634594383,en_US,1994,male,2012-11-28T11:41:49.563Z,Quetta-Pakistan,660
1970775872,en_US,1991,male,2012-09-25T18:22:26.513Z,Toronto-Ontario,-300
2804502922,en_US,1988,male,2012-10-16T21:28:57.837Z,Santa-Monica-California,-480
2393365897,en_GB,1994,male,2012-10-16T22:18:17.180Z,Los-Angeles-California,-480
2964695315,en_US,1980,male,2012-12-10T05:46:29.259Z,Quezon-City-F2,480
1745878644,id_ID,1978,male,2012-10-27T14:10:49.311Z,Medan-Indonesia,420
3645179971,en_US,1977,male,2012-11-24T04:34:20.011Z,Los-Angeles-CA,-480
4004847487,fr_FR,1981,male,2012-11-01T09:28:46.704Z,Amaury-Riviere-Du-Rempart-Mauritius,240
2833948952,id_ID,1991,male,2012-10-30T10:11:11.628Z,Yogyakarta,420
508157745,id_ID,1996,male,2012-10-30T15:16:37.983Z,Jombang-Jawa-Timur-Indonesia,420
3709066919,id_ID,1993,female,2012-09-30T09:01:45.186Z,Medan-Indonesia,420
4148965359,en_US,1989,female,2012-10-31T03:42:52.352Z,Phnom-Penh,420
2391423387,ka_GE,1905,female,2012-11-12T16:13:00.027Z,New-York-New-York,240
3523009435,en_US,1996,female,2012-10-12T13:32:25.579Z,Brampton-ON,-300
2556948734,id_ID,1997,female,2012-10-04T07:38:30.536Z,Medan-Indonesia,420
4179324570,id_ID,1992,male,2012-10-29T13:45:59.830Z,Djokja-Yogyakarta-Indonesia,120
1774655165,id_ID,1991,male,2012-10-23T20:31:42.837Z,Surabaya-08,390
1491758485,en_US,1980,female,2012-08-23T13:33:18.532Z,?,-300
3675853683,es_LA,1986,female,2012-07-17T19:57:25.370Z,?,-240
2435109563,es_LA,1999,female,2012-11-12T22:55:07.845Z,Villa-Mella-Dominican-Republic,-240
665669003,en_US,1978,male,2012-10-30T11:14:59.397Z,Karaj,480
2419119319,id_ID,1992,male,2012-11-27T09:47:32.986Z,Yogyakarta,420
3667546959,pt_BR,1992,male,2012-10-17T13:12:50.464Z,Porto-Alegre,-120
2866816743,cs_CZ,None,male,2012-05-11T20:14:04.032Z,?,-240
1282190455,pt_BR,1991,female,2012-10-28T13:23:09.237Z,?,-120
3614298118,en_US,1993,female,2012-10-30T05:19:16.912Z,Phnom-Penh,420
168279402,id_ID,1996,female,2012-11-27T03:14:44.106Z,Medan-Indonesia,420
2556624316,id_ID,1996,male,2012-10-30T15:34:18.486Z,Medan-Indonesia,420
3297382649,en_US,1982,male,2012-07-17T02:46:19.720Z,?,-300
429545007,en_US,1985,female,2012-11-25T00:00:01.076Z,Phnom-Penh,420
1656600583,id_ID,1993,male,2012-10-26T14:27:44.666Z,Jogjakarta-Indonesia,420
3946891814,id_ID,1992,male,2012-10-28T02:09:57.728Z,Yogyakarta,420
2560655022,fr_FR,1986,male,2012-10-31T07:30:38.425Z,Los-Angeles-California,60
3273707820,id_ID,1996,male,2012-10-27T13:19:33.891Z,Temanggung-Jawa-Tengah-Indonesia,420
508762891,en_US,1983,female,2012-08-20T13:30:22.287Z,?,-240
3257619336,en_US,1989,male,2012-11-15T08:41:36.867Z,Quetta-02,-480
1778555968,id_ID,1990,female,2012-10-31T02:04:40.642Z,Bandar-Lampung,420
1356004790,en_US,1978,female,2012-10-22T06:16:06.426Z,Los-Angeles-California,-480
2473994908,id_ID,1995,male,2012-10-31T23:24:18.986Z,Yogyakarta,420
2789143052,en_US,1978,male,2012-11-22T05:43:12.017Z,San-Jose-CA,300
1737900245,id_ID,1992,male,2012-11-07T14:59:21.997Z,Yogyakarta,420
776551865,fa_IR,1991,male,2012-10-02T18:21:11.395Z,?,210
1810490259,en_US,1996,male,2012-11-01T10:23:51.320Z,?,-480
1239771692,id_ID,1990,female,2012-09-29T18:56:28.480Z,Medan-Indonesia,120
3866738265,es_LA,1993,male,2012-10-03T00:26:40.489Z,Santa-Ana-11,-360
4041727877,id_ID,1994,male,2012-11-08T00:53:43.896Z,Yogyakarta,420
1653627324,en_US,1969,female,2012-10-24T05:42:40.184Z,Reseda-California,-480
3213386665,id_ID,1996,male,2012-11-11T03:28:46.538Z,Lubuklinggau,270
1343091121,id_ID,1992,male,2012-10-30T09:51:50.962Z,Yogyakarta,420
3104887363,en_GB,1992,male,2012-11-14T11:11:18.774Z,Hollywood-California,480
1382058393,es_LA,1990,male,2012-11-05T02:22:30.539Z,Los-Angeles-California,480
497847403,en_US,1995,female,2012-10-30T15:22:30.048Z,Medan-Indonesia,420
2731654315,en_US,1982,male,2012-11-20T08:25:05.592Z,Los-Angeles-California,-390
2164973127,en_US,1994,male,2012-11-01T05:50:29.969Z,Phnom-Penh,420
4223274850,en_US,1991,female,2012-11-11T11:30:50.047Z,Phnom-Penh-11,420
2095692859,es_LA,1991,male,2012-10-27T22:07:02.289Z,Santo-Domingo-Dominican-Republic,-240
2890754287,en_US,1997,male,2012-10-30T14:47:26.343Z,Phnom-Penh-11,420
1682361918,en_US,1984,male,2012-10-03T18:52:42.039Z,Medan-Indonesia,420
1981974676,en_US,1960,female,2012-10-05T03:58:57.677Z,Toronto-Ontario,-240
934522440,id_ID,1997,female,2012-10-01T06:02:26.946Z,Medan-Indonesia,420
3303631486,ru_RU,1991,female,2012-10-16T02:54:26.336Z,Los-Angeles-California,-480
422696708,en_US,1993,male,2012-11-08T01:41:56.083Z,El-Monte-California,-480
2601739622,en_US,1993,female,2012-10-31T01:15:10.119Z,?,420
527523423,en_US,1990,female,2012-11-15T14:47:52.139Z,Kerman-Iran,210
2620848777,en_GB,1991,male,2012-10-31T23:54:55.832Z,?,-360
1928236821,en_US,1990,male,2012-10-30T13:52:02.713Z,Phnom-Penh,420
3131909049,es_LA,1998,female,2012-10-30T20:12:20.881Z,Santo-Domingo-Dominican-Republic,-240
2693010377,zh_CN,1992,female,2012-11-04T05:50:35.596Z,?,480
2883639227,en_US,1995,male,2012-10-28T15:37:35.276Z,Flacq-Flacq-Mauritius,240
80949634,es_LA,1993,male,2012-10-28T18:21:02.163Z,Santo-Domingo-Dominican-Republic,480
594597018,en_US,1989,male,2012-07-24T16:57:05.048Z,?,-240
1078352709,en_US,1991,male,2012-11-22T15:15:55.991Z,Phnom-Penh,420
1292184871,id_ID,1986,male,2012-10-24T22:16:12.248Z,Medan-Indonesia,-480
1805917912,en_US,1978,male,2012-11-03T16:49:43.027Z,?,-480
